indicator_code,definition,guidance
001001001001,公司取得ISO 14001环境管理体系认证的情况,"企业需要取得ISO 14001或GB/T 24001环境管理体系的认证。报告中可能出现的披露形式：明确说明取得了认证、给出取得的认证图片或截图、通过了相关机构审核等。
注意：
1. 仅提到执行/应用ISO 14001或GB/T 24001的管理标准不可接受，须通过相关机构的认证。"
001001001002,公司取得EMAS环境管理体系认证的情况,"企业需要取得EMAS环境管理体系的认证。报告中可能出现的披露形式：明确说明取得了认证、给出取得的认证图片或截图、通过了相关机构审核等。
注意：
1. 仅提到执行/应用EMAS的管理标准不可接受，须通过相关机构的认证。"
001001002,公司在生产运营过程中采用环保创新技术的情况，如导入减少污染物排放的创新技术,"企业需要披露在生产运营流程中采用的环保创新技术及所带来的改变/改进。一般来说需要企业至少要披露在生产运营中什么环节采取了什么技术从而减少了哪方面的环境影响。仅简单提到例如“通过技术升级减少了污染排放“等不可接受。
注意：
1. ”创新技术“可以包括自主开发，新技术引进，对成熟的技术进行升级等
2.  需强调是在企业自身的生产制造及运营过程中采取的环保创新的技术，而非对于产品本身性质的升级。
内容较多的时候摘录关键信息（采用的技术、得到的效果）即可。"
001001003,公司产品在设计阶段的支持环保、可持续发展等方面的表现情况,"企业需要通过对于产品本身性质的改造减少产品在生命周期中（上游原材料生产及采购、产品设计和生产、产品包装和分销、产品使用和维护、产品废弃和重复利用）对环境的影响。
一般有两种情况：一是推出对环境影响更小的产品的版本，例如节能电器、采用环保材料的家具等等；二是说明在产品开发过程中就考虑了产品生命周期中各个阶段可能对环境造成的影响，并将分析的结果应用在产品开发设计当中，例如采用了产品生命周期环境影响评估（Lifecycle Assessment, LCA）。
注意：
1. 绿色金融相关的产品不属于产品可持续设计。"
001001005,[2020年度数据起停止维护]公司在提升员工环境意识方面的表现,
001001005001,公司为培养员工环境意识而提供的培训,"企业为了增强员工的环保意识而为全体或部分员工提供的定期或非定期的环保培训，宣传和讲座等。
注意：
1. 培训对象需要为普通员工，对企业环境职能部门的专业培训不可接受。"
001001005002,公司为培养员工环境意识而发出的倡议或组织的活动,"企业需为了增强员工的环保意识而针对员工自发的环保倡议或活动。例如鼓励员工参加“地球一小时”“绿色低碳日”等活动、提倡并监督员工离开座位关闭电脑显示屏下班时间切断插座电源等。
注意：
1. 员工环保倡议是针对于员工的，意在鼓励员工对于环保活动的参与。"
001001006,公司制定的针对办公活动的相关环保行动或环保规程,"绿色办公主要指办公活动中节约资源、减少污染物产生和排放，并使用可回收利用的产品。
绿色办公可包括但不仅限于：
1. 制定了绿色办公相关程序文件或政策文件，所披露的文件信息应能展现具体绿色规定，如对节约用水用电的具体措施办法。 
2. 对办公大楼中的空调及照明器具进行改造，使其增加能源效率。（如通过空调或照明改造，使得当年的用电量下降了xx%）
3. 通过线上会议减少因交通往返所造成的温室气体排放。
4. 资源分类和回收再利用管理，如垃圾分类，可回收废弃物统一回收处理等。
5. 推广无纸化办公，如：引入新式电子看板取代传统的宣传模式，纸张双面重复利用等"
001001007,公司内针对环境保护的委员会或工作小组的设置情况,企业设置专门的环保委员会或环保工作组，又或职能覆盖了环境方面问题的EHS，ESG等部门均可。
001001008,公司被国家生态环境部门列入重点排污单位的情况,
001001009,公司开展的在产品使用寿命结束时收集、重复利用或回收产品整体或其部件或包装的项目,"企业需披露自发开展的,并且是一个长期,而非一次性或短期废旧产品回收项目。
注意：
1. 回收的是企业自己生产的产品，如果企业业务本身是回收利用市场上的废旧产品，则不符合摘录要求。
2. 废旧产品指的是寿命结束时的售出产品(用于销售或作为组织所提供服务的一部分的物品或物质) 。废旧产品列举: 如电动汽车中的电池,食用过的饮料瓶,废旧家电或收集等的回收等)。排除被拒和召回的产品。
3. 回收活动收集和处理可由产品制造商或承包商进行。"
001001010,公司被国家工信部列为绿色工厂的情况,
001001011,公司针对突发环境风险事件建立的应急响应机制,"企业需要披露其针对环境风险及突发事件建立的环境应急响应机制（预案）。
注意：
1. 这里的响应机制是针对突发事件，特别是ESG相关的重大灾难事件的，且必须是长期建立的而不是在发生某个事件后临时组建的应急管理部门。
2. 一般环境应急预案披露内容可包括但不仅限于：相关机制的文件名称，配备的物资情况，以及演练情况。"
001001012,公司针对环境问题开展的风险评估或是尽职调查活动,"企业需评估在运营中可能面对的对环境风险。包括受到的风险影响以及可能造成的风险。例如评估企业生产对周边植被的影响。
注意：
1. 这里不包括供应商环境风险评估，针对供应商的环境风险评估属于“针对供应链环境影响采取的行动“。
2. 需要区分风险评估和风险管理体系，风险评估是指企业进行评估来找出自身在相关方面的风险因素（不提及如何减少风险，只披露识别风险的流程），而风险管理体系是一个架构。如果风险管理体系包括了风险评估（识别）则也满足风险评估的要求。

几乎所有的风险评估都是分为宏观层面和微观层面的。宏观的风险评估可以理解为大型跨国企业的总部针对世界范围内的子企业分析子企业或业务线进行风险评估。微观的风险可以是针对具体的案例，例如某地的工厂进行了环保的风险评估发现制造车间有污染物排放的风险。宏观风险评估优先摘录。"
001002001,公司在污染治理方面的政策、承诺或管理方针,"企业需要披露减少污染物排放的管理方针、政策或承诺。污染物可以包括废气和废水，不包括有害/危险废物（属于废弃物范畴）。SOX, NOX, 化学物质, VOC, 颗粒物等均属于污染物。
注意：
1. 相关的方针要明确地指向减少污染物。
2. 在环境类政策指标点仅提到符合或遵守相关法律法规的要求不可接受。

管理政策类：
包括相关的规定，原则，承诺，实施办法，企业的立场和态度等；长期有效，对于当下和未来有广泛的指导意义；通常在相关章节开头，较为简洁。"
001002002,公司制定的有具体时间线的污染物减排目标,"企业需要披露限定时间范围内减少污染物排放量的绩效目标。
例如量化目标：XX 年企业污染物排放量的总量年度减量目标为X吨/X%)
非量化目标：XX年度内大力减少污染物排放量

目标类：
目标可以是量化形式（有具体目标数值），也可以是非量化形式（无具体目标数值），但必须要有时间限制（结束时间）；
有多个目标的情况下都需摘录"
001002003,公司制定的有具体时间线的污染物减排执行情况,"企业需要披露已有的目标的执行进度，可以是量化的进度（有具体数值，例如减少了8%），也可以是非量化的进度（例如披露“已达成“或“√” “×”），其重点在于考察企业对于已经制定的目标的持续跟进。
注意：
1. 摘录时尽量连同摘录进展所对应的目标本身，如果只有进展没有相关目标，则不接受。
例如，未来 5 年目标：VOCs 排放量较基准年降低 10%(2022)；2018 年推进情况：VOCs 排放量较基准年下降 6%。"
001002004,公司为了减少污染物排放而采取的措施,"企业需要披露来减少污染物的排放。例如设备升级改造、更换能源类型、生产流程优化等。这里一定需要提到减少污染物的具体措施，仅仅提到废气废水达标排放不可接受。
污染物可以包括废气和废水，不包括有害/危险废物（属于废弃物范畴）。SOX, NOX, 化学物质, VOC, 颗粒物等均属于污染物。

措施类：
包括实施的具体技术，方法，案例，项目等；具有针对性，通常有明显的时间标志，或是已完成的，一次性的，并且会与采取措施后的结果一同披露。"
001002122,公司对所产生的污染物的处理流程及方式,"企业需要披露自身对所产生的的污染物的一般处理流程及方式，不一定要提到减少污染物。
注意：
1. 企业业务本身涉及环保工程及污染物处理，污染物处置的情况不属于自身产生的污染物因此无需摘录。
2. 若企业有多种处理方式，必须完整摘录。
3. 可能会以表格形式披露，需要转化为简单的文字描述。"
001002025,为减少对环境土壤的负面影响，公司针对酸性岩石排水（ARD）及酸性矿山排水（AMD）的政策或措施,企业披露针对酸性岩石排水（ARD）及酸性矿山排水（AMD）的管理措施，以减少对环境土壤的负面影响
001002026,公司针对减少多环芳香烃排放的相关管理政策或措施,企业披露针对减少多环芳香烃的管理措施，以减少对环境的负面影响
001002046,公司针对在焚烧流程中呋喃及二恶英排放的相关管理政策或措施,企业需要披露是否有针对在焚烧流程中呋喃及二恶英排放的相关管理政策及措施，以减少对环境的负面影响
001002047,公司针对在垃圾处理过程生物气溶胶及雾化灰尘排放的相关管理政策或措施,企业需要披露是否有针对在垃圾处理过程生物气溶胶及雾化灰尘排放的相关管理政策及措施，以减少对环境的负面影响
001002048,公司针对在填埋过程中渗透液渗出的相关管理政策或措施,企业需要披露是否有针对在填埋过程中渗透液渗出的相关管理政策及措施，以减少对环境的负面影响
001003001,公司在废弃物管理方面的政策,"企业需要披露减少废弃物的管理方针、政策或承诺。废弃物分为有害废弃物和无害废弃物。①有害废弃物：也称为危险废弃物，通常我国将具有易燃、易爆、放射、腐蚀、反应、传染等6类废弃物视为有害废弃物。如废弃的强酸、强碱液等。 ②无害废弃物：指有害废弃物以外的废弃物，如废纸、厨余、农业排泄物等。
注意：
1. 相关的方针要明确地指向减少废弃物。
2. 在环境类政策指标点仅提到符合或遵守相关法律法规的要求不可接受。

管理政策类：
包括相关的规定，原则，承诺，实施办法，企业的立场和态度等；长期有效，对于当下和未来有广泛的指导意义；通常在相关章节开头，较为简洁。"
001003002,公司制定的有具体时间线的减少废弃物的目标,"企业需要披露限定时间范围内减少物料消耗或提高物料利用率的绩效目标。
例如量化目标：XX 年企业废物回收总量目标达到X%
非量化目标：XX年度内减少废弃物排放量/增加废弃物回收率。

目标类：
目标可以是量化形式（有具体目标数值），也可以是非量化形式（无具体目标数值），但必须要有时间限制（结束时间）；
有多个目标的情况下都需摘录"
001003003,公司制定的有具体时间线的减少废弃物的执行情况,"企业需要披露已有的目标的执行进度，可以是量化的进度（有具体数值，例如减少了8%），也可以是非量化的进度（例如披露“已达成“或“√” “×”），其重点在于考察企业对于已经制定的目标的持续跟进。
注意：
1. 摘录时尽量连同摘录进展所对应的目标本身，如果只有进展没有相关目标，则不接受。
例如未来 5 年目标：废弃物回收率达 86%(2022)；2018 年推进情况：废弃物回收率达 89%"
001003004,公司为了减少固体废弃物排放而采取的措施,"企业需要披露采取减少固体废弃物的措施（也可以是具体的有害废弃物和无害废弃物）的排放（包括提升废弃物回收利用率）。这里一定需要提到减少废弃物的具体措施，仅仅提到将废弃物交给专业的第三方不可接受。
废弃物分为有害废弃物和无害废弃物。①有害废弃物：也称为危险废弃物，是指对人体健康或环境造成现实危害或潜在危害的废弃物，或指列入国家危险废物名录或者根据国家规定的危险废物鉴别标准和鉴别方法认定的具有危险特性的废物。通常我国将具有易燃、易爆、放射、腐蚀、反应、传染等6类废弃物视为危险废物。如废弃的强酸、强碱液等。 ②无害废弃物：指有害废弃物以外的废弃物，如未明确说明的固废，废纸、厨余等。

措施类：
包括实施的具体技术，方法，案例，项目等；具有针对性，通常有明显的时间标志，或是已完成的，一次性的，并且会与采取措施后的结果一同披露。"
001003025,公司对所产生的废弃物的处理流程及方式,"企业需要披露自身对所产生的的废弃物的处理流程及方式（如焚化，填埋，回收利用，交给第三方等），不一定要提到减少废弃物。
注意：
1. 企业业务本身涉及垃圾清理，废弃物处置的情况不属于自身产生的废弃物因此无需摘录。
2. 若企业有多种处理方式或按有害废弃物和无害废弃物披露处理方式，必须完整摘录。
3. 可能会以表格形式披露，需要转化为简单的文字描述。"
001003013,公司对矿山运营后残留的废弃物的管理措施,"企业需要披露在采矿过程中对产生的采矿废物进行有效的管理，防止其污染环境。其中包括对采矿废物的风险评估及相关应急相应措施，对采矿废物的储存管理和对尾矿废物的处置管理。
方针和措施都可以接受"
001003014,公司在冶炼过程中对产生的炉渣及冶炼废物的管理措施,企业需要披露在冶炼过程中对产生的炉渣及冶炼废物进行有效的管理，防止其污染环境。其中包括对炉渣及冶炼废物的风险评估及相关应急相应措施，对炉渣及冶炼废物的储存管理和对炉渣及冶炼废物的处置管理。方针和措施都可以接受。
001003015,公司在食品加工过程中对产生的食品及餐厨废物的管理措施,企业需要披露如何在食品加工过程中对产生的食品及餐厨废物进行有效的管理，防止其污染环境。方针和措施都可以接受。
001003016,公司在电子加工及使用过程中产生的电子废弃物的管理措施,企业需要披露如何对电子废弃物进行有效的管理，防止其污染环境。方针和措施都可以接受。
001003017,公司在生物技术研发、药物开发、药物制造、医疗器械加工等过程中产生的医疗或生物废物的管理措施,企业需要披露针对在医疗服务、生物技术研发，药物开发，药物制造，医疗器械加工等过程中产生的医疗及生物废物进行有效的管理，防止其污染环境。方针政策和措施都可以接受。
001003020,公司在核领域的研发和制造或涉及到铀矿的开采等过程中产生的放射性废物的管理措施,企业需要披露针对核领域的研发和制造及涉及到铀矿的开采，核电厂运营等过程中产生的放射性废物进行有效的管理，防止其污染环境。
001004001,公司在物料使用管理方面的政策（物料是指公司投入到生产中的各类资源（原材料），如包装材料、塑料等）,"企业需要披露减少物料使用的管理方针、政策或承诺。 “物料”指的是除了水资源和能源以外，企业投入到生产中的各类资源（原材料）。一般是用于生产的原料和包装材料等，非制造业一般会有办公室用纸和包装材料（包装袋）等等。
注意：
1. 相关的方针要明确地指向减少物料使用，或是提高物料使用的效率。
2. 在环境类政策指标点仅提到符合或遵守相关法律法规的要求不可接受。
3. 如果办公用纸等非企业主要使用的物料类型（如汽车制造企业的办公用纸），则不可接受减少办公用纸为减少物料，可将其摘录至绿色办公。
4. 关于水：除非企业明确说明水是其原材料，否则属于水资源范畴而非物料。
5. 特殊情况：对于化工等行业，有时石油产品也是原材料，这些石油产品并不会被用作燃料提供能源，而是作为原材料生产产品，此时也应该将其考虑为物料的一种。
6. 企业在报告中提到“资源”时默认是“物料”，而不是“水资源”或“能源”，“减少资源消耗”、“提高资源利用率”等说法可以接受。

管理政策类：
包括相关的规定，原则，承诺，实施办法，企业的立场和态度等；长期有效，对于当下和未来有广泛的指导意义；通常在相关章节开头，较为简洁。"
001004002,公司制定的有时间线的减少物料消耗的目标,"企业需要披露限定时间范围内减少物料消耗或提高物料利用率的绩效目标。
例如量化目标：XX 年企业包装材料/塑料使用总量年度减量目标为X吨/X%；
非量化目标：例如XX年度内减少物料消耗量

目标类：
目标可以是量化形式（有具体目标数值），也可以是非量化形式（无具体目标数值），但必须要有时间限制（结束时间）；
有多个目标的情况下都需摘录"
001004003,公司制定的有时间线的减少物料消耗的目标执行情况,"企业需要披露已有的目标的执行进度，可以是量化的进度（有具体数值，例如减少了8%），也可以是非量化的进度（例如披露“已达成“或“√” “×”），其重点在于考察企业对于已经制定的目标的持续跟进。
注意：
1. 摘录时尽量连同摘录进展所对应的目标本身，如果只有进展没有相关目标，则不接受。
例如XX年企业包装材料/塑料使用总量为 581.537 吨，较上一年（728.415 吨）减少20.2%，达到XX年度减量目标（-0.35%）"
001004006,公司为了减少物料的使用或提升物料使用率而采取的措施,"企业需要披露采取了什么措施来减少物料的使用或提升物料使用率而采取的措施。这里一定需要提到具体的措施。“物料”指的是除了水资源和能源以外，企业投入到生产中的各类资源（原材料）。一般是用于生产的原料和包装材料等，非制造业一般会有办公室用纸和包装材料（包装袋）等等。
注意：
1. 如果办公用纸等非企业主要使用的物料类型（如汽车制造企业的办公用纸），则不可接受减少办公用纸为减少物料，可将其摘录至绿色办公。

措施类：
包括实施的具体技术，方法，案例，项目等；具有针对性，通常有明显的时间标志，或是已完成的，一次性的，并且会与采取措施后的结果一同披露。"
001004007,公司在报告年度促进原材料可持续使用的措施,"企业需要推动对更可持续原材料的采购及使用。可持续材料指: 无毒化,轻量化,可循环,获得可持续认证等的绿色环保材料。"
001004008,公司在报告年度促进包装材料可持续使用的措施,企业需要推动对更可持续包装材料的采购及使用。或对包装材料的使用效率进行提升。
001004009,公司在报告年度促进森林产品可持续使用的措施,"企业需要推动对更可持续森林产品的采购及使用。或对森林材料的使用效率进行提升。可持续材料指: 无毒化,轻量化,可循环,获得可持续认证等的绿色环保材料。目前世界上较有影响的森林认证体系主要有：森林管理委员会体系（FSC）、泛欧森林认证认可体系（PEFC）等"
001004010,公司遵守限制物质清单的声明及准则,"企业需要披露遵守限制物质清单的相关政策方针,或进行有害物质管理的政策,承诺及措施.如涉及以下其中一个内容就可以摘录:
1. 组织已建立了有害物质管理委员会
2. 组织对有害物质的替代计划
3. 组织已建立有害物质管理政策
4. 组织已建立限制物质清单,并有一套管理流程来进行有害物质管理
5. 有害物质管理相关案例或措施"
001004011,公司在运营过程中对化学品采购、使用、储存及处置的管理措施,"企业需要披露以下信息（只要提到都可以）：
化学品采购：严格针对限制性物质清单进行化学品采购
化学品使用及储存：根据化学品MSDS（Material Safety Data Sheets）进行化学品的使用和储存，避免环境污染及员工职业伤害。
化学品处置：采取严格的危废处理管理进行化学品处置"
001004012,公司在运营过程中对农药使用的管理措施,"企业需要披露在运营过程中，对农药使用的政策，承诺以及管理从而避免农药带来的负面影响。
如涉及以下其中一个内容就可以摘录:
1. 企业已建立对农药使用管理的政策
2. 企业对有害农药的替代计划
3. 对于农药管理相关案例或措施"
001004013,公司在运营过程中对塑料使用的管理措施,"企业需要披露在运营过程中，对塑料或胶制品（胶水，胶带等）使用的政策，承诺以及管理。
如涉及以下其中一个内容就可以摘录:
1. 组织已建立对塑料减少使用，优化使用，及可循环使用等的管理的政策
2. 组织进行了源头减塑，促进循环利用的措施
3. 组织对塑料的采购进行了一定的约束，如可循环塑料的采购比例等"
001004014,公司在运营过程中对制冷系统及制冷剂的管理措施,"企业需要披露在运营过程中对制冷系统的使用及制冷剂使用的政策，承诺以及管理从而避免制冷剂的泄露。
企业应当采购对人类生态环境无破坏作用，不破坏大气臭氧层，不产生温室效应的制冷系统及制冷剂。"
001005001,公司在水资源的使用管理政策,"企业需要披露减少水资源使用的管理方针、政策或承诺。
注意：
1. 关于水：除非企业明确说明水是其原材料，否则属于水资源范畴而非物料。
2. 相关的方针要明确地指向减少水资源使用，或是提高水资源利用的效率。
3. 在环境类政策指标点仅提到符合或遵守相关法律法规的要求不可接受

管理政策类：
包括相关的规定，原则，承诺，实施办法，企业的立场和态度等；长期有效，对于当下和未来有广泛的指导意义；通常在相关章节开头，较为简洁。"
001005002,公司制定的有时间线的减少水资源消耗的目标,"企业需要披露限定时间范围内减少水资源消耗的绩效目标。
例如量化目标：XX 年企业水资源消耗量的年度排放减量目标为X立方米/X%；
非量化目标：XX年度内减少水资源消耗量

目标类：
目标可以是量化形式（有具体目标数值），也可以是非量化形式（无具体目标数值），但必须要有时间限制（结束时间）；
有多个目标的情况下都需摘录"
001005003,公司制定的有时间线的减少水资源消耗的目标执行情况,"企业需要披露已有的目标的执行进度，可以是量化的进度（有具体数值，例如减少了8%），也可以是非量化的进度（例如披露“已达成“或“√” “×”），其重点在于考察企业对于已经制定的目标的持续跟进。
注意：
1. 摘录时尽量连同摘录进展所对应的目标本身，如果只有进展没有相关目标，则不接受。
例如XX年企业用水总量为 581.537 百万公升，较上一年（728.415 百万公升）减少20.2%，达到XX年度减量目标（-0.35%）"
001005004,公司为了减少水资源消耗而采取的措施,"企业需要披露采取了什么措施来减少水资源的消耗或提升水资源回收率、利用率等，例如设备升级改造、生产流程优化等。这里一定需要提到具体的措施。
如果没有特殊说明水是原材料，则放到水资源里，如果说明水是原料则可视作物料。
注意：
1. 提升水资源的回收利用可以作为减少措施，但雨水回收不接受（未减少整体消耗量、这里的水资源特指运营中的水）。

措施类：
包括实施的具体技术，方法，案例，项目等；具有针对性，通常有明显的时间标志，或是已完成的，一次性的，并且会与采取措施后的结果一同披露"
001005008,公司进行对水资源方面的影响进行的风险评估以及监控情况,企业需要评估已识别的运营过程中水资源风险的潜在规模和范围的流程，以及使用的风险术语的定义或者对使用的现有风险分类框架的引述内容。另外，企业应当描述对运营中水资源相关风险进行重大性排序的流程，包括在企业内如何做出重要性认定。
001005009,公司建立或设置水资源回收利用系统的情况,"企业披露已建立或设置的水资源回收利用系统，措施及成效。摘录信息必须满足以下条件：
1.  此系统必须是长期的而非一次性的
2.  此系统必须对节约水资源能产生一定效益
3.  有针对水资源回收利用系统的相关描述
注意：
1. 雨水收集系统不可接受，这里回收利用特指运营中使用的水"
001005012,公司的耗水强度于同行业或同行其他公司的耗水强度的比较结果,"企业披露自身的耗水强度与同行业的平均，标准或其他同行企业的耗水强度的比较结果，以显示在同行中的耗水水平。
对标管理是从各个方面与标杆企业进行比较、分析、判断，通过学习他人的先进经验来改善自身的不足，从而赶超标杆企业，不断追求优秀业绩的良性循环过程。"
001005013,公司为了减少水泄漏所采取的政策和措施,"此项主要针对水务企业对水泄漏的防止应尽的如下责任：
1. 披露已识别水泄漏的风险，并提到自己预防风险所做的努力
2. 披露了制定的针对水泄漏预防政策及措施
3. 披露了为了减少水泄漏的案例及措施

全球供水总量的25-50%未能结算或在送抵用户的途中漏损，原因包括非法截取用水、计费系统不准确、测量不准确、渗漏、基础设施老化以及水压管理不当等等。企业采取防止跑冒滴漏的措施均可摘录。"
001005015,公司的回收水净化至饮用水标准的处置技术的拥有情况,"企业披露有关回收水净化至饮用水标准的处置技术，如有披露以下信息就可以摘录：
1.企业披露正在研发有关回收水净化至饮用水标准的处置技术，并有一定的进展（研究可与NGO或者是学术机构进行合作）
2.企业披露已拥有回收水净化至饮用水标准的处置技术
3.企业披露已拥有回收水净化至饮用水标准的技术专利"
001006001,公司在能源使用管理方面的政策,"企业需要披露减少能源的管理方针、政策或承诺。
“能源“指的是能提供能量的资源，一般包括化石能源（煤炭、石油、天然气等）、电能（购电和自发电）、外购蒸汽和热力等等。

注意：
1. 相关的方针要明确地指向减少能源使用，或是提高能源利用的效率。
2. 在环境类政策指标点仅提到符合或遵守相关法律法规的要求不可接受

管理政策类：
包括相关的规定，原则，承诺，实施办法，企业的立场和态度等；长期有效，对于当下和未来有广泛的指导意义；通常在相关章节开头，较为简洁。"
001006002,公司制定的有时间线的减少能源消耗的目标,"企业需要披露限定时间范围内减少能源消耗的绩效目标。
例如量化目标：XX 年企业年度能源消耗量的减量目标为X升/X%；
非量化目标：XX年度内减少能源消耗量）

目标类：
目标可以是量化形式（有具体目标数值），也可以是非量化形式（无具体目标数值），但必须要有时间限制（结束时间）；
有多个目标的情况下都需摘录"
001006003,公司制定的有时间线的减少能源消耗的目标执行情况,"企业需要披露已有的目标的执行进度，可以是量化的进度（有具体数值，例如减少了8%），也可以是非量化的进度（例如披露“已达成“或“√” “×”），其重点在于考察企业对于已经制定的目标的持续跟进。
注意：
1. 摘录时尽量连同摘录进展所对应的目标本身，如果只有进展没有相关目标，则不接受。
例如XX年企业汽油/天然气总量为 581.537 百万公升，较上一年（728.415 百万公升）减少20.2%，达到XX年度减量目标（-0.35%）"
001006030,公司为了减少能源消耗而采取的措施,"企业需要披露为了减少能源消耗或者提高能源使用效率而采取的措施。
注意：
1. 未清晰提及目的是降低能源消耗或者提高能源使用效率的措施，不满足摘录要求。
2. 仅披露减少的能源消耗量等绩效或成效内容不能视为减少能源消耗的措施。
3. 减少能耗的措施需要针对企业主要的能耗场景，例如对于涉及生产制造的企业，如果仅披露减少办公室的能耗措施（更换节能灯，及时断电等），由于办公室的耗电非其主要能源消耗，因此不满足摘录需求（可摘录到绿色办公）

措施类：
包括实施的具体技术，方法，案例，项目等；具有针对性，通常有明显的时间标志，或是已完成的，一次性的，并通常会与采取措施后的成效一并披露。"
001006004001,公司取得ISO 50001能源管理体系认证的情况,"企业需要取得ISO 50001/GB/T 23331认证。这里不只是执行ISO 50001/GB/T 23331的标准，而是要有相关机构的认证。
报告中可能出现的披露形式：明确披露取得认证、给出取得的认证图片或截图、其他形式（通过了相关机构审核）。"
001006005,公司对可再生能源的利用措施,"企业需要披露利用可再生能源的措施。可再生能源包括太阳能、风能、水能等。仅仅简单提到“促进可再生能源利用”、“优先使用可再生能源”等等不可以接受。一定要有具体的案例。发电企业最好是些战略性措施，比如可再生能源从15%到50%。
具体措施包括但不限于购买绿电、安装太阳能电池板发电等等。
注意：
核能，垃圾&废弃物发电，不属于可再生能源利用措施。可再生能源扶贫如果和企业自身业务没有关系的话不算"
001006022,为提高能源效率，控制温室气体的排放，公司开展的能源结构优化项目,"企业披露为了降低传统化石能源使用比例从而控制温室气体的排放，提高可再生能源或者提高更加清洁的能源（比如，燃烧天然气的碳足迹比燃烧煤要低）的使用比例，或者进行的其他能源结构优化的项目。可摘录的内容包括：
1. 企业披露在报告期内，进行煤改气项目；
2. 企业披露在报告期内，进行可再生能源项目，并减少了化石燃料的使用，提高了可再生能源在总能源消耗中的比例；
3. 发电或售电企业优化售出的能源产品的比例，提高可再生能源或者更加清洁的能源在售出能源中的比例。比如，提高向顾客提供绿电的比例。"
001006024,为减少能源消耗，公司进行的物流运输线路优化措施,企业通过优化运输路线安排，缩短自身货物运输或者公车使用的距离和时间，提升运输效率，减少能源的消耗的政策或措施。
001006027,公司PUE与行业或同行其他公司的PUE的比较结果,"企业披露企业自身的PUE与同行业的平均，标准或其他同行企业的PUE的比较结果，以显示在同行中的能耗水平。
和用水的行业对标一样，有企业与行业之间的对比即可。"
001006028,公司为了减少环境污染及对气候变化的影响而对替代燃料进行研究并进行燃料的绿色化替代项目开展情况,"需要出现关键词“替代燃料”，企业如有以下表述之一即可摘录：
1. 企业披露已有关于使用替代燃料的研究，并有运用替代燃料的规划
2. 企业披露已进行替代燃料的使用，并有不断优化替代燃料占比的规划
3. 企业披露使用替代燃料的案例及措施及相应的环境效益
4. 该指标一般常见于水泥熟料生产、电力、金属冶炼、交通运输、航空业

背景知识：
传统的水泥熟料和金属冶炼的烧制过程需要燃烧大量的煤炭来提供能量，以及航空及其他交通运输等行业需要燃烧航空煤油、柴油等提供动力，这些燃烧活动伴随着产生大量温室气体排放。摒弃传统燃料的使用，使用更加清洁的替代能源，对降低温室气体排放量有重要作用。
 比如，在水泥熟料的烧制过程，通过使用生活和工业废弃物（废轮胎、塑料、生活垃圾等）以及生物质等替代燃料，减少使用煤炭作为燃料。航空业减少使用由原油加工得到的航空煤油作为发动机燃料，更多航空生物燃料（航空生物燃料，一般由传统航空煤油与动植物油脂或农林废弃物等生物质原料以一定比例混合得到）"
001006029,公司在房地产开发及服务阶段的智能能效管理系统的采用情况,"企业披露了在房地产开发及服务阶段使用智能能效管理系统的情况，如有满足以下信息要求即可摘录：
1. 企业在设计阶段开发阶段已将智能能效管理系统纳入项目开发内容
2. 企业已建立智能能效管理系统，并在有效实施
注意：
1. 智能能效系统应为长期的而非一次性的
2. 一般企业可能也会有例如BMS,EMS，跟management system相关的都可能涉及，需要检查是否符合摘录要求。"
001007001,公司在温室气体排放管理方面的政策,"企业需要披露减少温室气体排放的管理方针、政策或承诺。
温室气体：常见的温室气体有二氧化碳（CO2），甲烷（CH4），一氧化二氮（N2O）等
注意：
1. 相关的方针要明确地指向减少温室气体排放，低碳，或是缓解气候变化/全球变暖。
2. 在环境类政策指标点仅提到符合或遵守相关法律法规的要求不可接受

管理政策类：
包括相关的规定，原则，承诺，实施办法，企业的立场和态度等；长期有效，对于当下和未来有广泛的指导意义；通常在相关章节开头，较为简洁。"
001007002,公司制定的有时间线的温室气体减排目标,"企业需要披露限定时间范围内减少温室气体排放的绩效目标。
例如量化目标：XX 年企业温室气体年度排放减量目标为X吨二氧化碳当量/X%。),
非量化目标：XX年度内减少温室气体排放）。

目标类：
目标可以是量化形式（有具体目标数值），也可以是非量化形式（无具体目标数值），但必须要有时间限制（结束时间）；
有多个目标的情况下都需摘录"
001007003,公司制定的有时间线的温室气体减排目标的执行情况,"企业需要披露已有的目标的执行进度，可以是量化的进度（有具体数值，例如减少了8%），也可以是非量化的进度（例如披露“已达成“或“√” “×”），其重点在于考察企业对于已经制定的目标的持续跟进。
注意：
1. 摘录时尽量连同摘录进展所对应的目标本身，如果只有进展没有相关目标，则不接受。
例如XX年企业二氧化碳排放总量为 581.537 吨二氧化碳当量，较上一年（728.415 吨二氧化碳当量）减少20.2%，达到XX年度减量目标（-0.35%）"
001007004,公司为了减少碳排放采取的措施,"企业需要披露采取了什么措施来减少温室气体的排放，例如设备升级改造、更换能源类型等。这里一定需要提到具体的措施。
注意：
1. 为减少温室气体排放而采取的减少能耗、更换运输模式、更换能源类型等措施可接受，但需明确其结果为减少温室气体排放。
2. 仅披露减少的碳排放量则不能视为减排措施。

措施类：
包括实施的具体技术，方法，案例，项目等；具有针对性，通常有明显的时间标志，或是已完成的，一次性的，并且会与采取措施后的结果一同披露"
001007008,公司开发或应用碳捕集与封存技术的情况,"碳捕集与封存是指将大型发电厂所产生的二氧化碳（CO2）收集起来，并用各种方法储存以避免其排放到大气中的一种技术。
企业如有以下表述之一即可摘录：
1. 企业披露已有关于碳捕集与封存技术的研究，并有运用碳捕集与封存技术的规划
2. 企业披露已进行碳捕集与封存技术的运用，并有不断扩大碳捕集与封存技术运用范围的规划
3. 企业披露使用碳捕集与封存技术的案例及措施及相应的环境效益
"
001007009,公司通过碳交易获益的情况,"需要出现关键词“碳交易”，企业如有以下表述之一即可摘录：
1. 企业披露已有对碳交易的筹备和研究，并有相关的规划；
2. 企业披露已通过碳交易获得收益；
3. 企业披露碳交易方面的相关案例及措施及相应的环境效益。

背景知识：
碳交易是一种应对全球变暖气候危机的解决方案，以一定的法律和规则为约束和依据，给碳排放量定价，把它包装成一种资产或者说“商品”，建立相应的市场进行交易买进卖出，以此来控制碳排放,促进温室气体（主要是二氧化碳）排减。它对应的市场环境叫做碳交易市场，碳交易市场是由包括交易主体（控排企业）、交易产品（碳排放权）、交易流程、交易活动及监管活动（政府监督）等在内的核心要素所组成的规则化体系。
国内当前碳交易市场主要涉及两类基础产品：一类为政府分配给企业的碳排放配额（CEA），另一类为核证自愿减排量（CCER）。前者是配额交易，是政府将碳排放配额分配给企业，若企业实际碳排放量小于政府分配的配额，则企业可以通过卖出多余碳配额从而获得收益。后者是前者的补充，在配额交易之外引入自愿减排市场交易，即 CCER 交易。CCER 交易指控排企业向开展“碳抵消”活动的企业购买可用于抵消控排企业自身碳排的核证量。（“碳抵消”活动是指用于减少温室气体排放或者吸收温室气体排放的项目，比如开展可再生能源项目、培育森林资源来吸收温室气体的“自然碳汇”，或者通过碳捕集、利用和封存技术的“技术碳汇”）
案例包括：1）排放显著的控排企业购买碳排放配额补充可排放的上限；2）开展“碳抵消”项目的企业获得 CCER 签发，并出售 CCER 给排放显著的控排企业，从而获得收益；3）发电企业非水可再生能源的上网电量获得绿证；4）企业购买绿证抵消范畴二温室气体排放。"
001007010,公司对于火炬气的排放及回收的管理措施,"企业如有以下表述之一即可摘录：
1. 企业披露已有关于火炬气的排放及回收的管理政策。
2. 业披露了关于火炬气的排放及回收的相关案例及措施。

背景知识：
火炬气是一种在工业工厂，例如石油精炼厂，化工厂和天然气加工厂中使用的气体燃烧装置运营后排放的气体。它们在具有油井，气井，海上石油和天然气钻机以及垃圾填埋场的石油或天然气开采场所中也很常见。"
001008006,公司对负责气候变化问题管理的委员会或管理架构的设置情况,"企业披露需要包括以下内容：
1. 企业机构是否已将气候相关职责分派到管理职位或管理委员会
2. 如果是，该等管理职位或管理委员会是否向董事会或董事会下设委员会报告，并且该等职责是否包含评估和/或管理气候相关问题
3. 对相关企业结构的描述
4. 管理层获知气候相关问题的流程
5. 管理层如何（通过具体职位和/或管理委员会）监控气候相关问题。"
001008005,董事会对气候变化风险与机遇的识别、评估的参与情况,"企业披露需要包括以下内容：
1. 董事会或董事会下设委员会（例如审计、风险或其它委员会）获知气候相关问题的流程和频率
2. 董事会或董事会下设委员会在审查和指导战略、重要行动计划、风险管理政策、年度预算和商业计划以及制定组织机构的业绩目标、监控实施和执行情况、以及监督重要资本支出、收购和资产剥离时是否考虑了气候相关问题
3. 董事会如何监督和监控在处理气候相关问题时其目标的实现情况。
注意：
1. 成员里只有一个董事的不算"
001008001,[2020年度数据起停止维护]公司对气候变化产生的风险与机遇的识别情况,
001008001001,公司识别和评估气候相关风险的流程,"企业需要披露如何评估自身气候变化相关的风险，可包括：
1. 识别和评估相关风险的部门及工作状况
2. 评估已识别的气候相关风险的潜在规模和范围的流程。
常用的框架为TCFD，例如企业在董事会/高层主管的支持下，依据TCFD执行气候相关风险/机会的识别与排序，并参与国际机构的气候风险与机会研究报告，透过跨组织评估气候变化风险与应急措施，找出因应急气候变化的潜在危机与可能机会。"
001008001007,公司识别、评估和管理气候相关风险的流程纳入进整体风险管理流程中,"企业需要披露已经将识别、评估和管理气候相关风险的流程纳入进整体风险管理流程中。
注意：
1. 仅提到打算或者将要纳入不能接受。"
001008001002,公司识别到的气候变化带来的物理方面的风险,"企业需要披露自身与气候变化相关的物理风险（认识到相关问题）。
物理风险分为急性风险和慢性风险，例如
急性风险包括-台风、洪水等极端天气事件严重程度提高；
慢性风险包括降雨量变化和天气模式极端波动平均气温上升，海平面上升。"
001008001002001,公司识别到的气候变化带来的短期/急性物理方面的风险,"企业需要披露已识别到的自身与气候变化相关的短期/急性物理风险。
当披露多个风险时必须摘录完整。
如台风，洪水等极端天气事件严重程度提高。"
001008001002002,公司识别到的气候变化带来的中长期/慢性物理方面的风险,"企业需要披露已识别到的自身与气候变化相关的中长期/慢性物理风险。
当披露多个风险时必须摘录完整。
如降雨量变化，天气极端波动，平均气温上升等。"
001008001003,公司识别到的气候变化带来的转型方面的风险,"企业需要披露自身与气候变化相关的转型风险（认识到相关问题）。
转型方面的风险分为政策和法律带来的风险，技术带来的风险，市场带来的风险，声誉带来的风险。例如：
政策和法律带来的风险：提高温室气体排放定价；强化排放量报告义务；现有产品和服务的要求与监管；面临诉讼风险（碳排放限额等等）
技术带来的风险：以低排放选择替代现有产品和服务；对新技术的失败投资；低排放技术转型的前端费用（能否发展相应技术来应对变化）
市场带来的风险：客户行为变化；市场信号不确定；原材料成本上涨（节能方面）
声誉带来的风险：消费者偏好转变；行业污名化；利益相关方对利益相关方负面反馈日益关切（国内暂时没有太大影响，国外如ego等等会产生较大影响）"
001008001003001,公司识别到的气候变化带来的政策及法规方面的风险,"企业需要披露已识别到的自身与气候变化相关的政策及法规方面的风险。
当披露多个风险时必须摘录完整。
如：提高温室气体排放定价；强化排放量报告义务；现有产品和服务的要求与监管；面临诉讼风险（碳排放限额等等）"
001008001003002,公司识别到的气候变化带来的技术方面的风险,"企业需要披露已识别到的自身与气候变化相关的技术方面的风险。
当披露多个风险时必须摘录完整。
如：以低排放选择替代现有产品和服务；对新技术的失败投资；低排放技术转型的前端费用（能否发展相应技术来应对变化）"
001008001003003,公司识别到的气候变化带来的市场方面的风险,"企业需要披露已识别到的自身与气候变化相关的市场方面的风险。
当披露多个风险时必须摘录完整。
如：客户行为变化；市场信号不确定；原材料成本上涨（节能方面）"
001008001003004,公司识别到的气候变化带来的声誉方面的风险,"企业需要披露已识别到的自身与气候变化相关的声誉方面的风险。
当披露多个风险时必须摘录完整。
如：消费者偏好转变；行业污名化；利益相关方对利益相关方负面反馈日益关切（国内暂时没有太大影响，国外如ego等等会产生较大影响）"
001008001004,公司识别到的气候变化带来的机遇,"企业需要披露自身与气候变化相关的机遇（认识到相关问题）。
机遇分为资源效率带来的机遇、能源来源带来的机遇、产品和服务带来的机遇、市场带来的机遇和适应力带来的机遇。例如：
资源效率带来的机遇：采用更高效的运输方式；更高效的生产和分销流程；使用循环技术；更高效的建筑物；减少用水量和耗水量
能源来源带来的机遇：低排放能源来源；支持性政策激励；新技术兴起；参与碳交易市场；能源安全和非集中化转变
产品和服务带来的机遇：开发和/或扩大低排放商品和服务；气候适应和保险风险解决方案；研发和创新；业务活动多元化；消费者偏好转变
市场带来的机遇：新市场准入；采用公共部门激励；社区需求和倡议；获得需要投保的新资产和场所适应力带来的机遇：参与可再生能源项目并采用能效措施；能源替代/多元化"
001008001005,气候变化风险及机遇对公司产生影响的时限,"企业需要披露识别出的气候变化风险及机遇产生影响的时限。可以是长期，短期或具体某一时间长度。

例如三天的暴雨天气可能会造成哄睡灾害，对于救生衣生产厂家会带来额外收益。"
001008001006,预期气候变化对公司造成的财务影响,企业需要披露气候变化可能对企业的收入、成本、资产/负债、权益、现金流等造成的财务影响
001008002,[2020年度数据起停止维护]公司对气候变化产生的风险与机遇的应对措施,
001008002001,公司对气候变化相关的物理风险采取的应对措施,"企业需要披露为了应对因气候变化带来的物理风险影响所采取的措施。企业需采取措施主动应对气候变化带来的影响，该指标点的前提是已识别出气候变化的物理风险。

例如临海、低海平面的设施转移"
001008002001001,公司对气候变化相关的短期/急性物理风险采取的应对措施,"企业需要披露为了应对因气候变化带来的短期/急性物理风险影响所采取的措施。企业需采取措施主动应对气候变化带来的影响，该指标点的前提是已识别出气候变化的短期/急性物理风险。
若披露多个风险应对措施时必须摘录完整。"
001008002001002,公司对气候变化相关的中长期/慢性物理风险采取的应对措施,"企业需要披露为了应对因气候变化带来的中长期/慢性物理风险影响所采取的措施。企业需采取措施主动应对气候变化带来的影响，该指标点的前提是已识别出气候变化的中长期/慢性物理风险。
若披露多个风险应对措施时必须摘录完整。"
001008002002,公司对气候变化相关的转型风险采取的应对措施,"企业需要披露为了应对因气候变化带来的转型风险影响所采取的措施。企业需采取措施主动应对气候变化带来的影响，该指标点的前提是已识别出气候变化的转型风险。

例如高能耗企业会面临国家管控、环境处罚等风险，因此企业实施优化能源结构，增加绿电和清洁能源使用比例的的措施。"
001008002002001,公司对气候变化相关的政策及法规风险采取的应对措施,"企业需要披露为了应对因气候变化带来的政策及法规风险影响所采取的措施。企业需采取措施主动应对气候变化带来的影响，该指标点的前提是已识别出气候变化的政策及法规风险。
若披露多个风险应对措施时必须摘录完整。"
001008002002002,公司对气候变化相关的技术风险采取的应对措施,"企业需要披露为了应对因气候变化带来的技术风险影响所采取的措施。企业需采取措施主动应对气候变化带来的影响，该指标点的前提是已识别出气候变化的技术风险。
若披露多个风险应对措施时必须摘录完整。"
001008002002003,公司对气候变化相关的市场风险采取的应对措施,"企业需要披露为了应对因气候变化带来的市场风险影响所采取的措施。企业需采取措施主动应对气候变化带来的影响，该指标点的前提是已识别出气候变化的市场风险。
若披露多个风险应对措施时必须摘录完整。"
001008002002004,公司对气候变化相关的声誉风险采取的应对措施,企业需要披露为了应对因气候变化带来的声誉风险影响所采取的措施。企业需采取措施主动应对气候变化带来的影响，该指标点的前提是已识别出气候变化的声誉风险。若披露多个风险应对措施时必须摘录完整。
001008002003,公司对气候变化相关的机遇采取的应对措施,"企业需要披露为了应对因气候变化而带来的机遇所采取的措施,这里强调的是企业采取措施主动应对气候变化带来的机遇。该指标点的前提是已识别出气候变化的带来的机遇。

例如：高效的能源设施能降低成本；加大以回收塑料为原料的产品的开发来满足新时代消费者对环保理念的追求"
001008002004,公司为减少气候变化问题对自身的影响或增加机遇带来的收益所投入的研发金额,企业需要披露针对减少气候变化问题对自身的影响或增加机遇带来的收益而在研发方面投入的金额。
001008004,公司对与TCFD的支持情况,
001008007001,公司对在全球升温2℃（或更低温度）的情景下，其面临的风险与机遇进行分析的实施情况,"企业披露需要包括以下内容：
1. 气候相关风险和机遇的影响将从哪些方面对其产生影响；
2. 为应对该等潜在的风险和机遇，应如何改变其战略； 
3. 纳入考虑的气候相关情景和相关期限。
这里如果他们已经通过SBTi（科学减排目标）进行情景分析，也可以摘录，因为设定SBTi目标是需要做情景分析。"
001008007002,公司在不同情景下的风险与机遇的分析结果,企业需要披露在相关气候变化情景下的模拟分析结果。
001008008,公司响应气候变化相关的公共政策（如碳中和）的相关政策或措施,"企业在相应当地关于气候变化相关公共政策的努力及措施，如果包括下列内容，都可以摘录：
1. 主要针对当地的气候变化倡议，标准，法律法规等的遵从
2. 与政策制定者进行互动推广相关政策的发布
3. 如果没有具体地方相关政策，可以考虑《巴黎协定》，《十四五规划》，《TCFD》等的相应情况"
001008023,公司对环境有正面影响的建筑材料的开发研究及其能源效益的披露情况,"企业在环保建筑材料方面的开发和研究的相关描述,这些研究发开发必需有这些材料能够发挥的能源效用的相关支持论述."
001008024,公司获得可持续建筑的相关认证的情况,"企业必须已经获得了相关认证。认证可能会有以下名称可以鉴别:
1. 中国的标准：《绿色建筑评价标准》，目前获得绿色建筑认证可以获得国家相应的补贴;
2. 美国的标准：LEED评价体系
3. 英国的标准：BREEAM评价体系
4. 法国的标准：HQE评价体系
5. 其他,例如日本的CASBEE、澳大利亚南的GREEN STAR、荷兰GreenCalc、德国DGNB、新加坡GREEN MARK、印度GRIHA (national green rating)、芬兰 PromisE、加拿大Green Globes、法国 HQE、巴西AQUA、香港 HKBEAM、意大利Protocollo Itaca、葡萄牙Lider A、西班牙:VERDE、台湾EEWH等。"
001009001,公司针对生物多样性保护的方针、政策、承诺或管理措施,"企业需要披露针对减少自身活动对生物多样性的处理方法或相应的管理制度（可接受方针、政策、承诺等概括性总述）
1. 对于管理方针，必须是明确提到“保护生物多样性”、“减少对生物多样性的影响”等包含“生物多样性”字眼的方针政策。类似“保护生态环境”、“守护绿水青山”等没有任何指向性的内容不可以接受。
2. 对于采取的措施，企业披露中不一定直接提到“生物多样性”，而是介绍具体的措施，可以参考下面提到的案例。A股目前常见的案例：采矿企业对于矿区的复垦（植被恢复）、发电厂和金属化工等行业对周边生物多样性的保护（减少对动植物的影响、防止水土流失、防止热排水导致的水温升高等）、农林牧渔行业对生物多样性的管理等。
注意:
1. 企业在自身活动范围外的生物多样性/生态环境保护活动与这个绩效点无关，例如一些植树活动、生物多样性学习活动等。这里的生物多样性管理一定是和企业自身活动导致的影响相关的，例如采矿导致的植被破坏、新建工厂导致的生物栖息地损失、农林牧渔企业对生物多样性造成的破坏等。

管理政策类：
包括相关的规定，原则，承诺，实施办法，企业的立场和态度等；长期有效，对于当下和未来有广泛的指导意义；通常在相关章节开头，较为简洁。
措施类：
包括实施的具体技术，方法，案例，项目等；具有针对性，通常有明显的时间标志，或是已完成的，一次性的，并且会与采取措施后的结果一同披露"
001009002,公司为保护土地资源不受破坏而制定的政策或采取的措施,"主要目的是为使得土地资源,包括耕地、林地、草地、工矿等进行保护,以不被人为破坏。区别于“恢复生物多样性的措施”,后者是在土地已受到破坏后去恢复的措施,而前者是有前瞻性地去做一些预防和控制。
土地资源保护的措施,包括但不限于:
1. 对需要开垦的土地，如山地、海涂等进行综合调查研究，做出全面安排和统筹规划，使海涂得到合理的开发和利用。
2. 对需要开发地土地进行因地制宜、合理耕种、保护培养，并要节约用地地设计,
3. 防治土地沙化、盐碱化；"
001009003,公司在所拥有的土地上开展的生态相关可持续发展项目,"企业需要披露在项目的初期计划阶段到运营阶段，主动考虑对项目所在地及周边生态环境的影响，并采取措施以提升项目的环保可持续性。
注意：
1. 企业需要强调到主动考虑。"
001009004,公司对因人类活动影响或自然突变导致生物多样性受损的区域开展恢复生物多样性措施的实施情况,"企业需要披露采取了什么措施来恢复生物多样性的措施。
例如：
1. 矿区生态破坏于重建(减少开采活动的直接破坏,减少废弃物堆积造成的破坏,减少污染物土壤污染等)
2. 内蒙古沙漠化的生态措施(防止牲畜进入,先锋植物种植等)
注意：
1. 这里一定需要提到已经造成生物多样性破坏的地区进行恢复生物多样性的具体措施。

措施类：
包括实施的具体技术，方法，案例，项目等；具有针对性，通常有明显的时间标志，或是已完成的，一次性的，并且会与采取措施后的结果一同披露"
001009005,公司与其他机构开展的保护生物多样性的项目情况,只要是在生物多样性方面的合作项目都可以
001009006,公司制定的为减少生物多样性影响的目标,"企业为了保护生物多样性,设定相应的目标,并进行管理"
001009007,公司对预备关闭使用的土地资源进行的生态影响评估和后续规划的实施情况,"企业披露在关闭业务过程中,场区可能带来的生态环境及土地资源的影响进行评估,并有效进行管理措施,避免带来生态负面影响."
001009008,公司为保护海洋资源采取的措施,"企业为了保护海洋资源而采取得一系列措施,包括但不限于以下内容:
1. 控制海上污染物的扩散
2. 加强海洋环境监测
3. 合理进行海洋资源开发
4. 自然保护区的建设
企业需要披露采取了什么措施保护海洋资源，这里一定需要提到具体的措施。"
001009009,公司加入RSPO的情况,
001009014,公司对禁运濒危动植物及相关产品的承诺或政策,企业需要披露对禁运濒危动植物及相关产品得承诺或政策
001009015,公司为预防森林火灾而采取的措施,企业需要披露了预防森林火灾而采取的措施即可摘录
002001001,公司关于禁止雇佣童工的政策、承诺或措施,企业需要披露禁止使用童工的承诺或采取的相关措施
002001002,公司关于禁止强迫劳动的政策、承诺或措施,企业需要披露禁止强迫劳动或现代反奴役政策的企业承诺或措施。
002001003,公司关于反对各类歧视的政策、承诺或措施,企业需要披露反对歧视的方针、管理措施或承诺。
002001004,公司对同一工作、不同人群推行公平待遇的政策、承诺或措施,"企业需要披露禁止在薪酬制度（福利）方面，针对不同人群（例如：性别差异。但职责差别除外）进行差别歧视的方针或管理措施。（同工同酬）
如果反歧视方针覆盖了薪酬福利环节的歧视也可接受。以岗定薪也可以接受。
注意：
1. 只提及公平公开，不可接受"
002001005,公司关于员工最低薪酬的政策、承诺或措施,"企业薪酬政策需要明确说明提供不低于当地法定的最低薪资。
注意：
1. 仅说明提供“有竞争力的薪酬”、“与工作相符的薪酬”等不符合要求。
2. 明确说明在薪酬待遇方面遵守劳动法或相关法律的情况可以摘录，但需要提到薪资待遇，如果仅说明遵守劳动法则不符合摘录要求。"
002001006,公司关于管理员工常规工作时间、加班工作时间的政策、承诺或措施,"企业需要披露对于工作时间的管理措施、方针或相关政策。需满足下列要求之一：
1. 遵循法律在工作时间方面的相关规定
2. 对于员工加班方面有提出管理制度
例如每周工作时间不超过40或80小时、工厂进行的轮班管理制度。"
002001007,公司对于员工依法享有的产假的执行情况,"企业需要披露产假的相关规定或执行情况，需要符合法律规定。
注意：
1. 需要提到“产假”等关键字，只提及符合劳动法中假期相关的规定不可接受。"
002001008,公司对于员工依法享有的陪产假的执行情况,"企业需要披露陪产假的相关规定或执行情况，需要符合法律规定。
注意：
1. 需要提到“陪产假、侍产假”等关键字，只提及符合劳动法中假期相关的规定不可接受"
002001009,公司对于员工依法享有的带薪假的执行情况,"企业需要披露带薪假的相关规定或执行情况，需要符合法律规定。
注意：
1. 需要提到“带薪假、年假、带薪病假”等关键字，只提及符合劳动法中假期相关的规定不可接受"
002001010,公司对于一般员工推行的激励政策或措施,"企业需要披露对于除了正常薪酬以外为员工设立的其他激励制度（钱或物资），例如，股权激励政策，创新人才奖励等。
注意：
1. 如果提到是绩效管理制度的话不接受。
2. 该政策对象是一般员工，针对董监高的激励政策不可接受。"
002001011,公司对于一般员工实施的年金保险或者补充养老保险制度的设置情况,"企业需要披露为员工缴纳年金保险或补充养老保险的制度。（依法参加基本养老保险基础除外）
注意：
1. 如果企业提供六险二金，可以接受"
002001012,公司管理层与员工之间的沟通渠道设置情况,"企业需要披露设置员工沟通渠道的情况。不同于员工举报制度，指的是员工与管理层之间直接进行的沟通渠道。目的在于能够让员工直接反应意见，保障自身权益。
常见的形式有：设立工会（作为员工组织，需要明确指出其具备像管理层沟通的功能）、员工座谈会、员工代表大会（明确指出有沟通渠道功能）、专门设立有意见收集与反馈渠道（有别于匿名举报制度）。
注意：
1. 由上至下的以问卷调查等形式展开的沟通方式不可接受，因为属于单向沟通，缺乏互动的过程。"
002001022,公司为减少员工加班采取的措施,企业需要披露强调是为了”减少加班“而采取的相关管理措施；可以是制定了减少加班的相关管理制度。
002001023,公司关于尊重员工自由结社权的政策、承诺或措施,企业需要披露允许或不干涉员工结社的自由。
002001024,公司关于尊重员工集体谈判的政策、承诺或措施,企业需要披露允许并尊重员工进行集体协商或组织参与机会的相关权利或制度。
002001025,公司为避免或应对职场欺凌及骚扰的相关措施,"企业需要针对工作场所中可能出现的欺凌或骚扰行为采取相关的管理措施，摘录内容里应包括”欺凌“或”骚扰“等词；相关措施可能有：
1.披露了关于工作场所欺凌或骚扰防治的政策及相关程序文件信息。
2.针对工作场所欺凌及骚扰防治采取的申诉通道或调查机制。
3.披露了关于工作场所欺凌及骚扰防治的相关宣传教育。
4.对管理层进行相关防治教育培训。"
002001026,公司对童工、强迫劳动等劳工相关风险评估的实施情况,"主要分为宏观和微观两个方面，宏观：针对整个企业的风险进行评估；微观：对单独的据点进行评估。
例如，强迫劳动，禁用童工；合理薪酬；骚扰及欺凌；歧视；信息保密等。如果企业有更全面的风险评估，也可进行摘录"
002001027,公司为员工提供的生育方面的福利政策或措施,"主要是基于国家政策以上提供的相关福利政策，例如为员工增加更长的产假或育儿假，育婴员工停薪留职方面的政策,开设幼儿园等。"
002001064,公司开展员工满意度调查的情况,企业需要披露企业开展员工满意度调查的具体措施和过程，仅说明已经开展员工满意度调查，或计划实施的情况也可摘录。
002002003,公司为了提升员工多样性而采取的相关措施或制度,企业需要披露针对提升员工多样性而采取的相关具体措施或制定的相关制度。一般包括：帮助女性员工的职业发展和培养/（跨国企业）促进文化交流/提升工作环境对残障人士的友好(增加无障碍设施）。
002002004,公司针对员工自我提升或职业发展开设的培训项目,企业需要披露为员工提供的相关培训项目体系或制订的政策。（摘录概括性的语句）
002002004001,公司为新员工提供的培训项目,企业需要为新进员工提供相关培训项目。
002002004002,公司为员工提供与领导力发展相关的培训项目,企业需要披露为员工（非董监高）提供晋升相关的领导力发展培训。包括管培生项目、管理能力培训
002002004003,公司为员工提供与其职业相关的培训项目,企业需要披露为员工提供，或支持其参与其工作内容相关的专业技能技术类的培训。
002002004004,公司为员工提供通用职业技能相关的培训项目,企业需要披露为员工提供通用技能相关的培训课程。例如，语言、沟通能力、工作效率等以及一些与当前岗位无直接关联的相关培训项目。
002002008,公司为员工提供的关怀或帮扶项目开展情况,"企业需要披露帮助解决员工生活和工作上的困难的项目。
注意：
1.有明确指出员工的相关困难和问题，例如重大疾病、心理健康问题、家庭问题等。
2.有明确披露采取的相关措施或制度，例如提供相关资助（补助）、提供心理咨询等。
3.不包括一般的员工福利活动，员工团建、文娱活动不可接受。"
002002009,公司关于员工职业发展项目或制度的设置情况,企业需要明确披露晋升渠道的方式或相关的规划项目。可以包括对晋升空间的描述和晋升公平性的保证措施等。
002002010,公司为弱势群体提供就业机会或帮助他们得到就业的机会而开展项目或措施,"弱势群体定义通常是根据企业自行披露定义为主，（包括失业者、退伍军人、贫困者、灾难中的求助者以及一些
在劳动关系中处于弱势地位的人等）如果企业有披露提供弱势群体就业机会或促使他们得到就业机会，可以进行摘录。"
002002011,公司为了推动大学生就业，开展校招活动或实习项目,企业需要明确披露有进行校招或实习项目及项目的具体情况。
002002012,公司给予员工福利政策或措施,员工福利需要是企业在责任范围以外为员工提供的实用性福利，比如金钱（各项慰问金，福利补助，节日礼物），住所（员工宿舍），额外休假（法定假期除外年假），超过一般意义上的健康检查等。
002003001,公司关于员工安全健康管理的政策,"企业需要披露针对提升安全健康准则的相关管理方针或承诺。需要明确表明出企业对于提升职业安全健康水准的意向。
例如，“安全第一”，“生命至上”，“零伤亡”，“持续提升”等都可作为其意向摘录。
"
002003002001,公司通过OHSAS 18001体系认证的情况,"企业需要披露取得OHSAS 18001 体系认证。
报告中可能出现的披露形式：明确说明取得了认证、给出取得的认证图片或截图、通过了相关机构审核等。"
002003002002,公司通过 ISO 45001 体系认证的情况,"企业需要披露取得 ISO 45001 体系认证。
报告中可能出现的披露形式：明确说明取得了认证、给出取得的认证图片或截图、通过了相关机构审核等。"
002003003,公司为保障或提升员工健康与安全采取的措施,"企业需要具体披露针对提升职业安全健康准则采取的相关措施（需具体措施，简单体检不接受）。常见的包括隐患排查，技术创新，流程调整等。
注意：
1. 疫情相关不可接受"
002003004,公司为保障员工职业健康与安全而进行的相关培训,企业需要披露企业对员工进行的职业安全健康培训情况。不包括普遍适用的消防演习。
002003011,公司关于员工报告职业健康与安全隐患的渠道设置情况,"此报告渠道应当是长期的一个制度或是政策，而非单一次的活动；
安全隐患上报的渠道或是程序包括但不仅限于：
1.允许员工上报的安全隐患建议进行整改，完善工作中的环境安全系数的制度。
2.长期的机制，如有”险肇事故“，”惊现事故“等的汇报流程，也可摘录。"
002003012,公司设置的有时间线的提升职业健康与安全水平的目标,"企业需要披露限定时间范围内保护员工职业健康及安全的绩效目标。
例如量化目标：XX年降低伤亡率至XX
非量化目标：XX年减少安全事故的发生

目标类：
目标可以是量化形式（有具体目标数值），也可以是非量化形式（无具体目标数值），但必须要有时间限制（结束时间）；
有多个目标的情况下都需摘录"
002003013,公司对于设置的有时间线的提升职业健康与安全水平目标的执行情况,"企业需要披露已有的目标的执行进度，可以是量化的进度（有具体数值，例如减少了8%），也可以是非量化的进度（例如披露“已达成“或“√” “×”），其重点在于考察企业对于已经制定的目标的持续跟进。
注意：
1. 摘录时尽量连同摘录进展所对应的目标本身，如果只有进展没有相关目标，则不接受。"
002003014,公司关于承包商的安全管理的相关政策或措施,企业披露针对承包商入厂的安全规定管理，推动承包商的安全规范操作，提升作业安全
002003018,公司针对安全风险及突发事件建立的应急响应机制,"企业需要披露建立针对安全风险及突发事件的应急响应机制。
注意：
1. 这里的响应机制是针对突发事件，特别是安全相关的重大灾难事件的，且必须是长期建立的而不是在发生某个事件后临时组建的应急管理部门。
2. 疫情相关不可接受"
002003019,公司为防范安全风险开展的风险评估,"企业需要披露针对安全问题进行风险评估。包括对工作场所的安全隐患排查，评估企业对员工职业健康及安全的影响等。不包括对于供应商的安全风险评估。
注意：
1. 疫情相关不可接受"
002003021,公司为预防、控制和消除职业病危害的政策或措施,企业需要披露有关针对防治职业病的相关管理规定以及如何帮助员工预防职业病的措施。
002003023,公司关于放射源、放射线等的辐射风险来源的管理流程或措施,企业披露有关于如何管理辐射安全的相关体系或程序，提到相关的管理政策或措施即可。
002003025,公司关于防治驾驶员疲劳驾驶的措施,"企业披露预防驾驶员疲劳驾驶的政策和措施，包括但不限于:
1.信息化监控平台进行驾驶员驾驶安全管理
2.安全教育"
002004004,公司开展的面向外部社区的公益项目的披露情况,企业需要披露其建立或组织的公益性项目。
002004008,公司为推进当地雇佣采取的政策或举措,"企业需要披露明确提到“当地/本地""，或者明确提到要促进当地雇佣。可以是政策方针，也可以是措施。
注意：
1. 当地的概念是对于企业运营所在社区/地区"
002004009,公司为推进当地采购采取的政策或举措,"企业需要明确披露提到当地采购，或者促进当地采购的相关政策方针和措施。对于对点扶贫地区的原料等需要辨别是否属于“当地”。
注意：
1. 当地的概念是对于企业运营所在社区/地区。"
002004010,公司设立的公益基金会情况,首先需要明确公益基金会是企业主体范围的，如果是母企业或是冠由企业实体名字但不是企业主体范围的不能纳入其中。基金会本身需要是慈善或公益目的，包括帮助弱势群体，教育，医疗支持等。支持创新的基金会也可接受，例如鼓励大学生创新基金会。
002004011,公司为提升社会教育水平开展的助学项目情况,"企业需要披露报告年度内的助学项目，包括但不限于：
为弱势群体提供就学机会；帮助贫困学生进行学费补助；为学校设立奖学金激励学员；资助学院进行创新技术大赛等。"
002004013,公司成立的长期性的志愿者组织或长期开展的志愿者项目,企业需要披露长期的志愿者项目，而非一次性的。企业有志愿者组织且定期开展一定的公益活动也可接受。
002004015,公司针对利益相关方在人权方面指定的管理政策,企业需要披露提到人权相关的管理政策，需要具体到有相应的政策及管理制度条例。
002004016,公司针对利益相关方设置的关于违反人权的申诉渠道,企业需要披露人权申诉机制，主要针对一些重大管理缺失，职场暴力，性骚扰等人权问题的员工申诉通道及调查处理流程
002004017,公司针对利益相关方的人权风险制定的评估机制,"企业需要披露人权风险评估内容需要包括：
1.人权风险评估的范围及运营覆盖面
2.人权风险评估的机制和流程。
3.人权风险评估涉及范围至少包括
1）安全健康工作环境
2）杜绝不法歧视以确保工作机会均等
3）禁用童工
4）禁止强迫劳工
5）信息安全
6）自由结社
7）平等工资
8）工作时间
4．人权风险评估后的风控措施"
002004018,公司披露的关于开展公益项目时所关注的重点领域，如教育、艺术、环境等,企业需要披露在开展公益活动时所关注的重点领域或社会问题。常见的注重的领域包括但不限于教育，推广正面文化，关怀弱势，照顾老人，保护环境等。需要有一段相关概述，只披露简单的标题不能接受。
002004019,公司为提升社会医疗水平开展的公益活动,"组织开办非盈利形式的公益活动,以解决协助社会存在的医疗问题。一般是医疗企业或者药企等有资源和技术的企业提供的医疗救助活动，例如“乡村医生”项目或对于医疗物资匮乏地区的长期资助，其目的是促进社会医疗公平。因此，对于大多数企业在疫情期间的简单捐款捐物不属于医疗公益。"
002004020,公司为减少辐射对周边社区的影响而设置与周边社区的沟通机制或措施,"1. 对当地社会有实际或潜在重大负面影响的运营地（位置及具体影响）
2. 有当地社区参与、影响评估和/ 或发展计划的运营点百分比，包括以下途径：
1）基于参与过程的辐射影响评估
2）辐射影响评估和持续监测；
3）公开披露辐射剂量监测结果；
4）基于当地社区需求的当地社区发展计划；
5）基于利益相关方映射的利益相关方参与计划；
6）涉及面广的当地社区咨询委员会和咨询流程，弱势群体包含在内；
7）工作委员会、职业健康与安全委员会以及其他工作者代表机构处理影响；
8）当地社区正规申诉流程。"
002004021,公司关于土地使用及当地居民安置的管理措施,"经确定的报告期内占用当地居民土地及对于当地居民采取安置措施的管理措施，及可能受到组织现有或计划的活动影响的社区
参考以下方面：
1. 由组织审查的有关占用当地区民土地或者剥夺当地居民相关权利的事件；
2. 对于相关事件实施的补救计划；
3. 已经实施并且通过内部例行管理审查流程审查了结果的补救计划；
4. 不再需要采取行动的事件。"
002004022,从事自然资源开采的公司关于场区安保制度的遵循原则,如组织有提到针对场区的安保遵守安全与人权资源原则（VPSHR）或其他惯例有提到“场区安保”字眼的就可以
002004023,公司关于生产引起的异味排放管理措施,组织需要披露减少或控制气味排放的管理方针、政策或承诺。相关的方针要明确地指向减少气味的排放。
002004024,公司关于生产引起的噪音及振动管理措施,组织需要披露减少或控制噪声及振动的管理方针、政策或承诺。相关的方针要明确地指向减少噪声及振动。
002004025,公司对城市再开发、旧城改造等革新项目的实施情况,"城市的再开发，提升全面恶化的建筑物公共服务设施等有关城市生活环境要素的质量；
整治改善，整治那些建筑物及其他市政设施由于缺乏维护而产生设施老化，建筑破坏，环境不佳的地区；
保护，适用于历史建筑或环境状况保持良好的历史地区；更城市化数字化的改造；老城区转型成新城区。"
002004026,公司关于对业主或租户产生的环境影响的管理措施,"组织针对业主和租户订立协议以提升环境影响管理
组织针对业主和租户的环境影响开展有意义的环保意识活动（定期开展机制的优先）
组织针对业主和租住有一套完善的环境管理体系和流程"
002004027,公司为减少经营活动产生的负面环境或社会影响而设置的与周边社区的沟通机制,"1. 对当地社会有实际或潜在重大负面影响的运营地（位置及具体影响）
2. 可能存在的影响说明，包括但不限于：
当地社区的经济影响；
社会性别平等程度；
卫生和教育基础设施；
与运营点的接近程度；
地方和国家机构在当地社区的治理强度和治理质量；
影响环境和人体健康 
污染物的影响
当地社区主要雇主的地位；
自然资源消耗影响
2．有当地社区参与、影响评估和/ 或发展计划的运营点百分比，包括以下途径：
基于参与过程的社会影响评估，包括性别影响评估；
环境影响评估和持续监测；
公开披露环境和社会影响评估结果；
基于当地社区需求的当地社区发展计划；
基于利益相关方映射的利益相关方参与计划；
涉及面广的当地社区咨询委员会和咨询流程，弱势群体包含在内；
工作委员会、职业健康与安全委员会以及其他工作者代表机构处理影响；
当地社区正规申诉流程。
上述途径只要采取一种及以上即可摘录"
002004040,公司参与“一带一路”建设以及在海外经营过程中的社会责任履行情况,"企业需要披露企业在报告期内参与“一带一路”的项目建设以及海外经营过程中的社会责任履行情况，例如像是企业积极参与当地社区事务，支持社区发展项目，促进当地社区的繁荣等情况。
“一带一路”项目建设：主要指的是在“一带一路”沿线国家和地区开展的各种基础设施建设项目，例如港口、铁路、公路、桥梁、管道等，以及能源、通信等领域的合作项目。"
002004041,公司参与乡村振兴的项目及措施,"企业需要披露企业参与乡村振兴的项目以及采取的相关措施。
注意：
1. 需要出现“乡村振兴”关键词，如未提到关键词，只是披露了在农村地区的公益活动，则无需摘录到当前指标。
乡村振兴项目包括产业、人才、文化、生态、组织振兴。企业通过支持农村产业发展，加强农村基础设施建设，包括道路、水利、电力、通讯等基础设施建设，以及加强农村教育、医疗、文化等公共服务事业建设，缩小城乡差距。
主要会出现在年报“乡村振兴”章节，其他的报告可能会出现在“社会责任”章节。需要将企业披露参与的项目以及采取的相关措施都摘录完整。"
002005001,公司为保障或提升产品质量与安全水平而采取的管理措施,"企业需要详细披露为了保证产品质量与安全采取的管理措施或政策。
只是披露“保证产品质量安全”等简短的一句话不符合要求，需要有详细的政策或措施。"
002005001001,公司为保障或提升食品安全水平而采取的管理措施,"组织披露针对食品安全的管理方针或是采取的措施。
内容包括但不限于：
1.建立了一套健全的食品安全管理体系
2.设定了食品安全目标，并有相应的达成目标的措施
3. 针对食品安全管理的具体政策或具体措施"
002005001002,公司关于食品安全议题相关的行业组织的参与情况,企业需要披露参加的行业协会及组织必须是和食品安全相关的。
002005001003,公司为保障或提升药品及医疗服务安全水平而采取的管理措施,"组织披露针对药品及医疗服务管理方针或是采取的措施。
内容包括但不限于：
1. 建立了一套健全的药品及医疗服务安全管理体系
2. 设定了药品及医疗服务安全目标，并有相应的达成目标的措施
3. 对药品及医疗服务管理的具体政策或具体措施"
002005001004,公司关于药品及医疗服务安全相关的行业组织的参与情况,企业需要披露参加的行业协会及组织必须是和医疗服务与安全相关的
002005002001,公司对质量管理体系认证ISO 9001的获得情况,"企业需要披露取得产品质量安全相关的认证（ISO 9001）
报告中可能出现的披露形式：明确说明取得了认证、给出取得的认证图片或截图、通过了相关机构审核等。"
002005002002,公司对质量管理体系认证QC 080000的获得情况,"企业需要披露取得产品质量安全相关的认证（QC 080000）；
报告中可能出现的披露形式：明确说明取得了认证、给出取得的认证图片或截图、通过了相关机构审核等。"
002005002003,公司对质量管理体系认证IATF 16949的获得情况,"企业需要披露取得产品质量安全相关的认证（IATF 16949）；
报告中可能出现的披露形式：明确说明取得了认证、给出取得的认证图片或截图、通过了相关机构审核等。"
002005002004,公司对质量管理体系认证GMP的获得情况,"企业需要披露取得产品质量安全相关的认证（GMP）；
报告中可能出现的披露形式：明确说明取得了认证、给出取得的认证图片或截图、通过了相关机构审核等。"
002005002005,公司对质量管理体系认证TS 16949的获得情况,"企业需要披露取得产品质量安全相关的认证（TS 16949）；
报告中可能出现的披露形式：明确说明取得了认证、给出取得的认证图片或截图、通过了相关机构审核等。"
002005002006,公司对质量管理体系认证BIQS的获得情况,"企业需要披露取得产品质量安全相关的认证（BIQS）；
报告中可能出现的披露形式：明确说明取得了认证、给出取得的认证图片或截图、通过了相关机构审核等。"
002005002007,公司对质量管理体系认证VDA 6.3的获得情况,"企业需要披露取得产品质量安全相关的认证（VDA 6.3）；
报告中可能出现的披露形式：明确说明取得了认证、给出取得的认证图片或截图、通过了相关机构审核等。"
002005002008,公司对质量管理体系认证GJB 9001C的获得情况,"企业需要披露取得产品质量安全相关的认证（GJB 9001C）；
报告中可能出现的披露形式：明确说明取得了认证、给出取得的认证图片或截图、通过了相关机构审核等。"
002005002009,公司对质量管理体系认证AS 9100D的获得情况,"企业需要披露取得产品质量安全相关的认证（AS 9100D）；
报告中可能出现的披露形式：明确说明取得了认证、给出取得的认证图片或截图、通过了相关机构审核等。"
002005002010,公司对质量管理体系认证NADCAP的获得情况,"企业需要披露取得产品质量安全相关的认证（NADCAP）；
报告中可能出现的披露形式：明确说明取得了认证、给出取得的认证图片或截图、通过了相关机构审核等。"
002005002011,公司对质量管理体系认证HACCP的获得情况,"企业需要披露取得产品质量安全相关的认证（HACCP）；
报告中可能出现的披露形式：明确说明取得了认证、给出取得的认证图片或截图、通过了相关机构审核等。"
002005002012,公司对质量管理体系认证MDR的获得情况,"企业需要披露取得产品质量安全相关的认证（MDR）；
报告中可能出现的披露形式：明确说明取得了认证、给出取得的认证图片或截图、通过了相关机构审核等。"
002005002013,公司对质量管理体系认证MDSAP的获得情况,"企业需要披露取得产品质量安全相关的认证（MDSAP）；
报告中可能出现的披露形式：明确说明取得了认证、给出取得的认证图片或截图、通过了相关机构审核等。"
002005002014,公司对质量管理体系认证ISO 13485的获得情况,"企业需要披露取得产品质量安全相关的认证（ISO 13485）；
报告中可能出现的披露形式：明确说明取得了认证、给出取得的认证图片或截图、通过了相关机构审核等。"
002005002015,公司对质量管理体系认证ISO 22000的获得情况,"企业需要披露取得产品质量安全相关的认证（ISO 22000）；
报告中可能出现的披露形式：明确说明取得了认证、给出取得的认证图片或截图、通过了相关机构审核等。"
002005002016,公司对质量管理体系认证TL 9000的获得情况,"企业需要披露取得产品质量安全相关的认证（TL 9000）；
报告中可能出现的披露形式：明确说明取得了认证、给出取得的认证图片或截图、通过了相关机构审核等。"
002005002017,公司对质量管理体系认证GSP的获得情况,"企业需要披露取得产品质量安全相关的认证（GSP）；
报告中可能出现的披露形式：明确说明取得了认证、给出取得的认证图片或截图、通过了相关机构审核等。"
002005003,公司为维持或提升客户满意度而采取的管理措施,企业需要详细披露为了提升和维持客户满意度而采取的措施。仅披露满意度调查结果不接受。
002005123,公司客户满意度占比情况,"企业需要披露客户满意度调查结果，通常为满意度得分或比率（百分制）。如有XX%客户感到比较满意/满意或客户满意度为XX%.
注意：
1. 非百分制的情况需要换算为百分制占比。
2. 存在更加细分的满意度调查结果的情况下，需根据具体情况将满意及以上的占比进行加总。"
002005004,公司对产品召回问题设置的召回处理流程或管理制度,企业需要详细披露针对产品召回问题的处理方法和相应的管理制度。
002005005,公司对客户投诉问题设置的处理流程或管理制度,企业需要详细披露针对客户投诉的处理方法和相应的管理制度。
002005006,公司为保护客户隐私而采取的管理措施或方针,企业需要披露保护客户隐私的管理方针或是采取的措施。可以包括对客户信息的采集，使用，防泄漏相关的规定或措施。
002005007,公司为保护数据安全而采取的管理措施或方针,企业需要披露针对数据/信息安全，包括防止各类数据泄露、丢失、破坏、更改等的管理方针或是采取的措施。例如数据机房上锁，防木马软件，防止黑客入侵等。主要针对的是整个企业的信息数据安全管理。
002005120,公司针对数据安全风险或突发事件建立的应急响应机制,"企业需要披露企业为了应对数据泄露、系统遭受攻击、自然灾害或其他紧急情况而制定的一套应急预案和程序。
注意：
1. 企业必须建立完善且长期的数据安全应急预案，像是成立相关数据安全部门、定期审查和更新数据安全应急预案等措施都符合要求。"
002005008001,公司对信息安全管理体系认证ISO 27001的获得情况,"企业需要披露取得ISO 27001认证；
报告中可能出现的披露形式：明确说明取得了认证、给出取得的认证图片或截图、通过了相关机构审核等。"
002005009,公司在产品营销过程中采取对社会负责任原则的相关政策、承诺或措施,"负责任营销分为两个层级，第一级是遵守相关的法律规定和行业规定（主要是商品标识方面，例如食品药品中成分的标识）。其次是更广泛的负责任营销概念，主要的目的是保护消费者（特别是弱势消费者和缺乏相关认知容易被误导的消费者），避免不必要的诱导或虚假夸大营销。例如医疗健康行业和食品行业（保健品）要避免虚假宣传，烟酒的营销应该避开未成年人，博彩、信贷等行业应避免对顾客产生诱导。

仅提到没有违反相关法律规定不可接受。"
002005009001,公司在产品营销过程中为避免虚假宣传而采取的相关政策、承诺或措施,企业披露有关避免虚假宣传及营销的方针政策，及如何避免虚假宣传及营销的措施
002005009002,公司在对产品包装、制定标签或说明书等过程中采取对社会负责任原则的相关政策、承诺或措施,企业需要披露产品包装的管理，特别是成分及使用方法的说明情况，确保标签内容真实不夸大且内容完整。
002005009003,公司对员工进行对社会负责原则的营销培训的开展情况,企业需要披露针对员工，特别是销售人员进行负责任营销培训，宣传责任营销，不误导客户及消费者;
002005009004,公司为保证产品营销的社会负责任原则而进行的合规审计,主要是企业针对负责任营销进行合规审计，并针对审计的情况进行有效追踪，持续改进
002005010,公司为避免或减小产品自身的负面影响（如香烟、酒）而采取的管理措施,"企业需要披露针对这些负面影响而采取的相关管理措施。
可以是通过研发来减少产品中的负面因素，例如减少饮料中糖分的含量，减少加工食品中盐分的使用量；游戏防沉迷机制等
注意：
此处的负面影响是产品自身性质导致的不可避免的负面影响，例如游戏，酒精，烟草，高脂高糖高钠食品等。"
002005010001,公司为避免或减小产品自身的负面影响对青少年产生的影响而采取的管理措施,企业需要披露针对产品对青少年的负面影响，进行有效的管控，尽可能地保护青少年不受危害。如烟酒的危害，通过一些宣传教育，及产品包装的改进等方式
002005010002,公司为避免或减小产品自身的负面影响而开展的研发活动,企业需要披露为了减少产品负面影响而展开的研发，这类研发往往可以减少产品的负面影响，但是不可能完全消除负面影响。只强调研发行为，可以不推出产品。
002005010003,公司为避免或减小同类产品自身的负面影响而上市的负面影响更小的产品,企业需要披露企业本身推出的负面影响较小的产品。
002005010004,公司为避免或减小同类产品自身的负面影响而自身推出的负面影响更小的产品的推广活动,企业需要披露针对负面影响较小的产品进行推广，如降低其价格或是相比于其他产品推广力度大等等。
002005011,公司为提升服务可及性而制定的政策或采取的措施,目前世界上仍然有非常多的人口无法获取医疗服务，“医疗服务可及性“就是为了解决这个问题。企业采取措施来提升人群（特别是贫困人群和患病人群）获取医疗服务、接受治疗的比例，降低人群就医难度。披露相关活动时不一定直接提到“医疗可及性”，但只要满足要求即可。企业需要明确披露提升“服务可及性”的方针政策或承诺，或为了提升服务可及性采取的行动。例如针对公众健康问题（例如糖尿病、眼科疾病、艾滋病、疟疾等）进行药品或治疗技术的研究开发、在不发达国家和发展中国家市场对药品/医疗服务进行降价（价格歧视）、与公众健康问题重点地区共享科研成果或开放专利授权等。
002005011001,公司为提升服务可及性而制定的有时间线的目标,"企业需要披露对提升服务可及性制定相关目标，可以使服务的覆盖面扩大等的相关可执行目标。

目标类：
目标可以是量化形式（有具体目标数值），也可以是非量化形式（无具体目标数值），但必须要有时间限制（结束时间）；
有多个目标的情况下都需摘录"
002005011002,企业为提升服务可及性而制定的有时间线目标的执行情况,"企业需要披露已有的目标的执行进度，可以是量化的进度（有具体数值，例如减少了8%），也可以是非量化的进度（例如披露“已达成“或“√” “×”），其重点在于考察企业对于已经制定的目标的持续跟进。
注意：
1. 摘录时尽量连同摘录进展所对应的目标本身，如果只有进展没有相关目标，则不接受。"
002005011003,企业针对针对疟疾、结核及艾滋病的研发情况,企业需要披露提到“疟疾”，“结核”，“艾滋病”中的一种，并强调针对这些病症的研发，且取得了一些成果的。
002005011004,企业针对针对癌症、阿兹海默症等疑难病症或罕见病症的研发情况,只要提到“罕见病”，“癌症”，“阿兹海默症”，“疑难病”中的一种，并强调针对这些病症的研发，且取得了一些成果的，就可以摘录
002005011005,企业针对新出现的公共健康（大型）危机的研发情况,企业需要披露提到类似针对“新公共健康危机”，“新型流行病”等的研发。
002005011006,企业为提升服务可及性而降低药品价格的制度或措施,"企业需要披露遵照国家规定,保持药品合理比价,对于价格歧视的管理。（提到即可摘录）
"
002005011007,企业针对提升中低收入国家医疗可及性的措施,企业需要披露针对“中低收入国家”开放医疗相关服务或产品；有针对未来在“中低收入国家”开放医疗相关服务条件的计划和措施.
002005011008,公司为提升其服务在偏远地区或欠发达国家的普及度而采取的措施,企业有披露针对“偏远地区”增设或覆盖相关服务点。包括基础设施类，比如通信企业，物流企业设立基站/配送点，医药企业乡村送药等。
002005012,公司为保障或提升动物福利而制定的政策或采取的措施,企业需要披露在研发实验、养殖过程中如何进行动物管理，保障动物福利
002005012001,公司关于动物福利相关国际认证的获取情况，如NFS、AAALAC等,企业需要披露获得与动物福利有关的国际认证如NSF， AAALAC等。
002005012002,公司对动物的五项基本福利的保护情况,"企业需要披露遵循以下基本福利：
享受不受饥渴的自由，保证提供动物保持良好健康和精力所需要的食物和饮水；
享有生活舒适的自由，提供适当的房舍或栖息场所，让动物能够得到舒适的睡眠和休息；
享有不受痛苦、伤害和疾病的自由，保证动物不受额外的疼痛，预防疾病并对患病动物进行及时的治疗；
享有生活无恐惧和无悲伤的自由，保证避免动物遭受精神痛苦的各种条件和处置；
享有表达天性的自由，被提供足够的空间、适当的设施以及与同类伙伴在一起。
"
002005012003,公司为保障或提升动物福利而采取的措施,"企业需要披露针对保障动物福利而采取的相关措施，例如提升动物生存环境；
对动物福利的研究；对动物福利的外部审核
"
002005013,公司关于内部知识产权的开发、管理及维护的相关管理措施,企业需要披露如何进行知识产权的开发、管理和维护。注意这里是自身的知识产权管理，如果只是提到不侵犯知识产权并不符合要求。
002005014,公司为提升残障人士的产品使用体验对无障碍设施的设置情况,企业需要披露在提供产品或服务时，考虑到障碍人员的情况，针对不同障碍人员的情况设计不同的产品，以帮助他们有效使用产品。
002005015,公司关于将ESG概念融入金融产品或投资决策的相关政策或承诺,"组织披露将ESG纳入其运营及投资决策中
1. 如产品开发阶段,考虑将ESG融入产品中,开发绿色产品(摘录此项时注意是政策层面,非产品本身的内容)
2. 如在投资决策中纳入ESG因子,将投资人的ESG表现作为考量标准之一
3. 推动被投资机构进行ESG管理等"
002005016001,公司关于绿色基金项目的开展情况,企业需要披露有设立绿色基金相关的项目产品
002005016002,公司关于绿色债券项目的开展情况,企业需要披露有设立绿色债卷相关的产品项目
002005016003,公司关于绿色信贷项目的开展情况,企业需要披露有设立绿色信贷相关的产品项目
002005016004,公司关于绿色投资项目的开展情况,企业需要披露有设立绿色投资相关的产品项目
002005016005,公司关于绿色保险项目的开展情况,企业需要披露有设立绿色保险相关的产品
002005016006,公司关于其他类型绿色金融产品的开展情况,企业需要披露有发展相关其他的绿色金融产品
002005121,公司关于普惠金融产品的开展情况,
002005122,公司关于转型金融产品的开展情况,
002005017,公司针对金融产品服务对象、被投资对象开展的ESG风险尽职调查,"企业需要披露会根据赤道原则,PRB责任银行原则，PRI责任投资原则，PSI责任保险原则，对绿色金融产品线进行尽职调查，确保产品的绿色。"
002005018,公司参与并发布的ESG概念相关研究成果,"这里的研究报告包括但不限于:
1. 首先要与ESG相关的研究报告
2. 可以和相关NGO，政府机构及学术机构合作的研究报告
3. 研究报告的名称及相关内容简述需要发布出来
以上内容如果提到1个及一个以上，则摘录；’如果披露内容中未提到以上三种情况，那么在文中如果提到企业开战了ESG相关研讨会并分享了研讨会的成果等（但没有具体内容），也勉强可以算是"
002005019,公司与外部机构开展的针对ESG概念在金融领域应用的相关合作,"合作可以是，但不限于
1. 合作ESG产品
2. 合作ESG研究并发布研究成果
3. 建立行业ESG标准，推动行业共同的ESG发展
以上内容如果提到1个及一个以上，则摘录；’如果披露内容中未提到以上三种情况，那么在文中如果提到协同同行或行业组织开展ESG研讨会也可以勉强摘录"
002005020,公司为促进产品的营养健康水平而制定的政策或采取的措施,"企业针对营业健康促进采取的相关措施，
主要是指：
1. 减少人造成分
2. 减少防腐剂，味精等化工元素 
3. 减少脂肪含量
4. 减少甜度等。"
002005020001,公司为促进产品的营养健康水平而开展的活动，如对消费者的宣教、与行业协会的合作,"企业针对营养健康主体的推广活动主要有，包括但不限于：
1. 研发健康营养的产品
2. 对消费者进行宣传及教育
3. 持续对产品中的非营养物质进行监测
4. 与行业协会协作，制定标准或举办活动提升整个行业的产品营养健康水平"
002005020002,公司为提升产品的营养健康水平而制定的目标,"营养健康促进目标包括但不限于：
1. 研发营养产品的投入金额
2. 推出的营养健康产品个数"
002005021,公司在常规产品的基础上为特殊人群（如高血压患者、糖尿病患者）开发产品的情况,企业需要披露针对一些特殊人群，包括高血压，糖尿病患者，研发针对于这些人群特定的产品，以满足其特别要求，迎合市场需求
002005022,公司为适应内外部经营环境变化、优化产品及服务，而制定的宏观层面的创新管理策略,"创新管理策略可以包括：
1. 企业的创新体系
2. 企业的创新布局（地域布局，研究方向布局）
3. 企业的创新（研发）平台
4. 企业的创新计划
只要是写到“创新管理”的整体管理情况就可以摘录"
002005023,公司为提升创新能力或表现制定的相关目标，如目标专利数量,"这个目标可以是，但是不限于：
1. 创新研发投入的目标
2. 创新研发人员的招录
3. 创新产品数量
4. 创新项目数量
5. 专利数量"
002005024,公司开展的对社会有显著贡献的创新项目或因创新项目而获得的相关奖项,杰出的定义是需要创新项目或者产品是对社会有明显贡献的，比如医药行业的产品惠及了更多患者等，或者他在国际行业领域获得荣誉或奖项项目，奖项及产品及其他创新的结果，如杰出则可以摘录。
002005026,公司为提升工作效率而开展的数字化转型相关实践,"企业需要披露通过”数字化转型”, “建立数字平台”等对日常工作流程进行改革,使工作更流畅,方便,准确并提升工作效率。
这个议题可以从几个段落去找,由于他主要使改进工作流程的,所以基本上会在以下几处:
1. 供应链部分
2. 员工管理部分
3. 创新研发部分
4. 风险管理部分"
002005027,公司为提升汽车产品的驾驶安全水平的相关实践,"企业可能会披露为：设计阶段对汽车产品安全驾驶的因素进行考量；针对汽车性能，为客户及消费者进行安全驾驶的推广与培训
以上内容如果提到一个及以上，则可以摘录。注意主要是针对“客户驾驶安全”"
002005028,公司为提升交通运输安全水平的相关实践,主要是针对运输车辆交通运输安全，这里强调的是交通运输。区分“驾驶员疲劳预防措施”，驾驶疲劳预防知识交通运输安全中的一部分。
002005029,公司为保障或提升旅客在旅行途中的医疗水平的相关实践,"组织披露在旅途针对旅客的身体健康有以下准备：
1. 充足的医疗物资和医疗条件
2. 有完备的应急预案并实施过应急响应演习
3. 创新平台管理，提升医疗救助的效率
以上满足1个及以上即可摘录"
002005030,公司为保护被试验者合法权益而制定的政策或采取的措施,"组织披露的以下内容可以摘录：
1. 针对临床试验管理所制订的政策和简单的描述（主要针对接受临床试验人群的保护）
2. 临床试验管理的整体方针（主要针对接受临床试验人群的保护）
3. 不歧视性地选择临床患者 
4. 临床患者自由参与的政策
5. 对临床患者的风险告知
6.  透明的试验结果
7. 临床患者及时反馈不良状况的渠道（保护参与者安全）
以上包含2点及以上即可摘录"
002005031,公司为避免抗微生物药滥用而指定的政策或措施,"组织避免微生物药物滥用或过度使用所采取的措施。
（农业、医疗生物相关）抗药性避免滥用，指导患者用药。农业：动物使用的抗生素。"
002005032,公司为避免各类用药风险（如不良反应、误用等）而制定的与药物警戒相关的政策或采取的措施,"在文中查找“药物警戒“相关内容，但是如果只有药物警戒四个字，没有展开的内容，也不可接受，内容可能包括以下：（PV）
1. 早期发现未知药品的不良反应及其相互作用；
2. 发现已知药品的不良反应的增长趋势；
3. 分析药品不良反应的风险因素和可能的机制；
4. 对风险/效益评价进行定量分析，发布相关信息，促进药品监督管理和指导临床用药。
若没有提到药物警戒，但是提到了以上4个内容之一那么也勉强可以算"
002005033,公司为降低伪造药品产生的影响而采取的措施,"企业针对仿造药的打击措施
可以去文中找以下章节
1. 风险章节
2. 知识产权章节
3. 社区影响章节"
002005034,公司为避免产生基因工程相关风险（如破坏生物多样性、伦理问题）而采取的管理措施,"摘录内容主要针对组织在进行基因改造之后的影响，比如防止人工编辑基因混入自然界破坏生物多样性和伦理的控制及措施
如果组织只提到了基因工程这四个字没有其他的描述则不可以接受。"
002005035,公司为保障或提升生物安全或实验安全水平（如避免实验病菌外泄）而采取的管理措施,"如果组织只提到了生物安全这四个字没有其他的描述则不可以接受
组织至少需要提到，建立了《生物安全管理政策》
如果对生物安全管理有相关案例也可以勉强接受
生物废弃物管理"
002005036,从事农业、养殖业的公司关于杂交种植或基因改造的管理措施,"如果组织只提到了杂交种植或基因改造这四个字没有其他的描述则不可以接受
组织至少需要提到，针对基因改造或杂交种植的相关政策
针对杂交种植和基因改造有相关案例也可以勉强接受"
002005037,公司为维护或提升物业的环境水平，与租户签订的绿色租赁协议,"如在协议中，对每年的用水量进行制约，并如果没有达标会产生额外的费用等。
在摘录过程中，不需要看到以上例举这么细节的内容，可以包含以下但不限于以下内容：
1. 有“绿色租赁”，“绿色条款”的字眼，并且有相关简述
2. 能表现组织推动租户进行节能降耗或其他保护环境的措施，此措施必须是长期而并不定期或一次性的。"
002005038,公司为避免传播不良信息，对向用户传播的媒体内容采取的管理措施,"此内容可能出现的地方为
1. 风险部分
2. 产品责任

如内容包括以下中的一个即可摘录:
1.内容价值(受众教育,平衡，客观，多样性和完整性) ，主要是对平台内容审核和管理
2.内容创造（质量，多元性和多样性）
"
002005039,公司在房地产开发过程中为促进业主低碳出行而采取的措施,"如内容包括以下中的一个即可摘录:
1. 组织在房产开发的过程中考虑公共交通接入
2. 组织在房产开发的过程中考虑租户低碳出行；
"
002005040,公司为实现或提升产品信息的可追溯性而采取的相关管理措施,企业披露建立了完整的产品追溯管理系统，实现产品到原材料的有效追溯
002006001,公司为保持或提升供应商环境表现而制定的供应商环境政策,"企业需要披露针对供应商采取的环境政策/方针或者是对供应商环境方面的要求。
需要包括下列议题中的至少一项：污染（空气污染例如VOC和NOX等、水质污染例如COD和废水排放量等，提到污染就可以）、物料资源使用、废弃物、温室气体、能源使用、水使用、生物多样性。
注意： 
1. 如果相关的供应商方针没有提到上述第一段的具体环境议题，但是明确提到”CSR” / ”ESG” / ”EHS”的话，也可以接受。
2. 供应商筛选与供应商政策的区别：
3. 供应商筛选指的是对于潜在供应商（还未进行合作）的要求，是一个准入门槛，类似于尽职调查，当潜在的供应商在环境方面没有达到要求的时候就不进行合作。而供应商政策是一个常规的、持续性的方针（区别于筛选新供应商），通常以供应商行为准则的形式出现，这些规定是面对所有供应商的，对供应商的日常运营和未来发展提出环境方面的要求。"
002006001001,公司为保持或提升供应商的污染物治理水平而制定的供应商环境政策,需要看到组织在披露供应商环境政策时中是否有针对污染物进行管理了，如果有把相关语段摘录即可
002006001002,公司为保持或提升供应商的废弃物治理水平而制定的供应商环境政策,需要看到组织在披露供应商环境政策时中是否有针对废弃物进行管理了，如果有把相关语段摘录即可
002006001003,公司为保持或提升供应商的物料消耗治理水平而制定的供应商环境政策,需要看到组织在披露供应商环境政策时中是否有针对物料消耗进行管理了，如果有把相关语段摘录即可
002006001004,公司为保持或提升供应商的水资源治理水平而制定的供应商环境政策,需要看到组织在披露供应商环境政策时中是否有针对水资源进行管理了，如果有把相关语段摘录即可
002006001005,公司为保持或提升供应商的能源消耗治理水平而制定的供应商环境政策,需要看到组织在披露供应商环境政策时中是否有针对能源消耗进行管理了，如果有把相关语段摘录即可
002006001006,公司为保持或提升供应商的温室气体排放治理水平而制定的供应商环境政策,需要看到组织在披露供应商环境政策时中是否有针对温室气体排放进行管理了，如果有把相关语段摘录即可
002006001007,公司为保持或提升供应商的生物多样性治理水平而制定的供应商环境政策,需要看到组织在披露供应商环境政策时中是否有针对生物多样性进行管理了，如果有把相关语段摘录即可
002006002,公司为保持或提升供应商社会表现而制定的供应商社会政策,需要看到组织在披露供应商环境政策时中是否有针对-进行管理了，如果有把相关语段摘录即可
002006002001,公司为保持或提升供应商的劳工管理水平而制定的供应商社会政策,需要看到组织在披露供应商社会政策时中是否有针对劳工管理进行管理
002006002002,公司为保持或提升供应商的员工参与度与多样性治理水平而制定的供应商社会政策,需要看到组织在披露供应商社会政策时中是否有针对员工参与度与多样性进行管理
002006002003,公司为保持或提升供应商的员工健康与安全治理水平而制定的供应商社会政策,需要看到组织在披露供应商社会政策时中是否有针对员工健康与安全进行管理
002006002004,公司为保持或提升供应商的社区影响治理水平而制定的供应商社会政策,需要看到组织在披露供应商社会政策时中是否有针对社区影响进行管理
002006002005,公司为保持或提升供应商的产品责任治理水平而制定的供应商社会政策,"需要看到组织在披露供应商社会政策时中是否有针对产品责任进行管理。
注意：
1. 仅提到供应商产品质量不符合摘录要求。"
002006003,公司有关新供应商的环境表现要求的标准制定情况,"企业需要披露以环境标准筛选新供应商的流程。这里针对的是新的供应商，例如选择
新供应商、筛选新供应商、供应商准入门槛、尽职调查等。
环境议题包括：污染（空气污染例如VOC和NOX等、水质污染例如COD和废水排放量等）、物料资源使用、废弃物、温室气体、能源使用、水使用、生物多样性。"
002006004,公司有关新供应商的社会表现要求的标准制定情况,"企业需要披露以环境标准筛选新供应商的流程。这里针对的是新的供应商，例如选择
新供应商、筛选新供应商、供应商准入门槛、尽职调查等。
社会议题包括：童工、强迫劳动、最低工资、工作时间、反歧视、沟通渠道、职业安全健康、社区关系、人权。"
002006005,[2020年度数据起停止维护]公司为减少供应链产生的负面环境影响而采取的措施,
002006005001,公司为减少供应链产生的负面环境影响而对供应商进行的培训或指导,企业需要披露针对供应链环境影响采取的行动（培训及指导），主要是组织针对ESG中环境层面的议题对供应链进行相关的培训或指导，或开展供应商大会进行宣讲等。
002006005002,公司为减少供应链产生的负面环境影响而对供应商进行的风险评估或现场稽核,企业需要披露针对供应链环境影响采取的行动（风险评估及现场稽核），主要是组织针对供应链在ESG环境层面的表现进行第三方或者直接的检查或审核，并对审核的结果进行追踪。
002006006,[2020年度数据起停止维护]公司为减少供应链产生的负面社会影响而采取的措施,
002006006001,公司为减少供应链产生的负面社会境影响而对供应商进行的培训或指导,企业需要披露针对供应链社会影响采取的行动（培训及指导），主要是组织针对ESG中社会层面的议题对供应链进行相关的培训或指导，或开展供应商大会进行宣讲等。
002006006002,公司为减少供应链产生的负面社会影响而对供应商进行的风险评估或现场稽核,企业需要披露针对供应链在社会影响采取的行动（风险评估及现场稽核），主要是组织针对供应链在ESG社会层面的表现进行第三方或者直接的检查或审核，并对审核的结果进行追踪。
002006007,公司针对产品采购流程制定的绿色产品采购标准,企业需要披露一套绿色采购的标准，通常会披露为绿色采购覆盖面，绿色采购比例等。常见的有可持续棕榈油，可持续森林认证，可持续棉花等产品。提到坚持绿色采购是可接受的。绿色标准是对于采购的产品本身而言而不是产品供应商
002006008,公司为降低供应链断裂风险制定的供应链多元化政策,为了降低供应链风险，单个物料需要有两个及以上的供应商供应，供应商覆盖国内外，多地区，多技术重点，多语言等等的情况，以减少单个供应链短链的风险情况。
002006009,公司为避免采集冲突矿物而制定的政策或采取的措施,"企业需要披露针对冲突矿物采取的相关管理政策，如有以下内容的其中一个既可以摘录：
1. 建立了冲突矿物管理体系
2. 进行了冲突矿物风险评估
3. 针对已经识别的风险制定并实施应对策略
4. 冲突矿物尽职调查"
002006027,,
003001001,公司对合规问题的匿名举报渠道的设置情况,"企业需要披露其针对合规问题设置的匿名举报制度。如果还披露了收到举报后的处理流程的话也需要一同摘录。
注意：
1. 举报制度必须是匿名的，或明确提到对举报人会进行保护、保密等。对举报人没有保护机制或没有强调“匿名”、“保护举报人隐私”等关键字则视为非匿名举报渠道，不符合摘录要求。"
003001002,公司为防止公司内部出现腐败问题制定的政策或采取的措施，腐败的形式包括：贪污、职务侵占、洗钱等,"企业需要披露为了防止腐败问题而制定的管理方针或采取的措施，明确指出对相关行为的管理/禁止。常见的措施有进行相关的培训和宣传教育工作、对高风险流程进行调整优化（例如加强采购审批）等。
注意：
1. “反腐败“只考虑贿赂以外的腐败行为，包括贪污、挪用、职务侵占等。如果披露中只提到”反腐倡廉“、”廉洁“、”廉政“等，也将其认为反腐败。
"
003001003,公司为防止公司内部出现贿赂问题制定的政策或采取的措施，贿赂的形式包括：收受金钱、礼品、招待活动、回扣等,"企业需要披露为了防止贿赂问题而制定的管理方针或采取的措施，明确指出对相关行为的管理/禁止。常见的措施有进行相关的培训和宣传教育工作、对高风险流程进行调整优化（例如加强采购审批）等。
贿赂行为包括：直接收受利益，包含贿赂的各种形式，例如金钱、礼品（包括招待娱乐活动）、回扣等。
"
003001004,公司内部在党的建设方面的采取的措施,企业需要披露党委建设发展中采取的措施与成果，比如开展专题讲座和活动来传播思想
003001005,"公司为保证其采购过程的公开透明而采取的措施。
阳光采购是指公开、透明地获取所需物资、产品、服务的标准形式","企业在报告中提到”阳光采购”或者指其采购过程是公开的,透明的并且有详细标准的即可摘录，包括禁止供应商的采购招标过程中的腐败。
注意：
1. 供应商政策涉及腐败贿赂等内容，也可以进行摘录。"
003001006,公司为规范员工的商业道德行为而制定的准则,"企业需要制定并披露商业道德行为准则或包含道德及合规内容的员工守则等政策文件。仅说明有制定相关守则及名称，但未披露守则具体内容的情况下也可摘录。
注意：
1. 年报里审计报告及独立核数师报告中提到审计事务所对企业进行审计时履行相关道德准则不符合摘录要求。
2. 只针对特定行为制定的政策如反腐败政策等，但没有相对系统的的商业道德规范的情况不符合摘录要求。"
003001007,公司为规范员工的商业道德行为而开展的培训,定期给员工培训商业道德相关政策，包括使用线上培训系统进行学习
003001007001,公司为规范员工的商业道德行为而开展反腐败及反贿赂培训的情况,企业需要披露为规范员工的商业道德行为而开展反腐败及反贿赂培训的情况
003001007002,公司为规范员工的商业道德行为而开展反洗钱培训的情况,企业需要披露为规范员工的商业道德行为而开展反洗钱培训的情况
003001008,"公司为防止公司内部出现洗钱问题制定的政策或采取的措施。
反洗钱，是指预防通过各种方式掩饰、隐瞒毒品犯罪、黑社会性质的组织犯罪、恐怖活动犯罪、走私犯罪、贪污贿赂犯罪、破坏金融管理秩序犯罪等犯罪所得及其收益的来源和性质的洗钱活动的措施","针对反洗钱有以下管理措施或者政策即可摘录： 
1. 针对反洗钱的相关政策及承诺 
2. 针对反洗钱的相关目标，如召开法令座谈会，各部门汇报执行情况，阻拦反洗钱的成效等 
3. 针对反洗钱所有的资源，包括聘用外部力量监督或设立委员会等等"
003001009,公司为防止公司内部出现挪用公款问题而制定的政策或采取的措施,"组织针对公款挪用的风险进行严格控制，如有以下内容即可摘录
1. 组织针对挪用公款进行了风险评估，并将其纳入风控体系
2. 组织通过风险审核，对挪用公款进行查处
3. 组织针对公款挪用的禁止有严格的管理体系
"
003001010,公司为防止公司内部出现财务造假问题而制定的政策或采取的措施,关于禁止财务造假和遵循财务原则的措施。没有按照“会计准则”披露财务信息，都属于做假账。（年报的“管理层和治理层对财务报表的责任”中会详细披露该指标点）
003001011,公司为防止公司内部出现欺诈勒索问题而制定的政策或采取的措施,"企业需要披露防止欺诈及勒索事件的程序、流程、承诺和措施。
注意：
1. 欺诈勒索是指利用职权或抓住别人的把柄用威胁手段逼取他人财物，具体也可以指的身体上的欺诈勒索
2. 年报中通常会说明报告不存在欺诈行为，不属于当前指标点摘录内容。"
003001012,"公司为防止公司内部出现内幕交易问题而制定的政策或采取的措施。
内幕交易是指内幕人员根据内幕消息买卖证券或者帮助他人，违反了证券市场“公开、公平、公正”的原则，严重影响证券市场功能的发挥",企业需要披露相关防止内幕交易的程序或流程
003001013,公司为防止公司内部出现腐败问题开展的风险评估,"企业有相关腐败风险评估及程序或流程，要提到针对具体什么问题来评估
常见案例：企业具备相关组织或部门监管腐败等事项"
003001014,"公司为保证公司经营活动的行为属于正当竞争而制定的政策或采取的措施。
正当竞争是指建立在善意、公平、平等自愿和诚实守信基础上的良性竞争，参加竞争的各方都具有平等的权利和义务，是一种符合诚实信用原则和社会公认的商业道德的竞争。竞争指的是公司在市场上的商业行为，不包括供应商或者员工内部竞争",企业针对正当竞争的管理程序、流程、承诺和措施
003001016,"在允许政治献金行为的国家或地区有商业活动的公司对政治献金制定的政策。
政治献金是指对于从事竞选活动或其他政治相关活动的个人或团体，接受了来自外部对其无偿提供的动产、不动产、不相当对价给付、债务免除或其他经济利益，例如，免费提供竞选办事处之使用或者赠送饮料给拟参选人等情形，均属政治献金的范畴。但是上述政治献金不包含政党党费、政治团体会费或义工服务",企业针对政治献金的政策。政治献金主要针对跨国企业，中国本土企业没有此项议题。
003001018,公司关于积极承担纳税义务的政策、承诺或措施,针对税务履责方面的管理政策及措施
003002001,公司对风险管理体系的披露情况,"企业需要披露企业的风险管理体系。一般在“企业治理”、“风险管理”、“内部控制”等章节，注意这里一定是全企业层面的风险管理，不是针对某个事件的风险管理。
披露必需披露：风险管理结构，即负责人和负责部门等
如果企业同时披露了以下内容，也需摘录
1. 所覆盖的风险因素（例如经营风险、策略风险、竞争风险等）
2. 如何分析、监控、应对风险，即管理风险的方式
注意：
1.仅提到风险因素不可以认为是风险管理，至少要披露组织架构。
2.“风险管理体系“和”ESG风险管理“的区别：
“风险管理体系“是覆盖企业各方面风险的风险管理体系，”ESG风险管理“是指风险管理体系覆盖ESG风险。
3.企业仅提到针对“操作风险”等部分风险的监管，不可接受，需要披露整体风险管理框架
"
003002002,公司对ESG相关风险的管理情况,"在前述的风险管理体系所覆盖的风险因素中必须包括ESG风险：
1. 所覆盖的风险因素（例如环境风险、劳工风险、安全风险、腐败风险等）（必须选项）
2. 风险管理结构，即负责人和负责部门等（必须选项）
3. 如何分析、监控、应对风险，即管理风险的方式（非必须选项）
注意：
1. 仅提到风险因素不可以认为是风险管理，至少要有管理等字眼。
2. 风险管理体系“和”ESG风险管理“的区别：风险管理体系“是覆盖企业各方面风险的风险管理体系，”ESG风险管理“是指企业有明确针对ESG风险进行风险管理。如果“风险管理体系”覆盖了ESG风险，则同时满足两个绩效点的要求。

ESG风险（以下之一即可）：
1. 明确提到ESG，或环境、社会、企业管治
2. 环境具体议题（各类污染、资源、能源、水、废弃物、气候变化、温室气体、生物多样性）
3. 社会具体议题（劳工管理、安全健康、人权、社区、数据安全）
4. 管治具体议题（腐败贿赂、税务）
不包括财务风险、金融风险、信用风险、市场风险、运营风险、法律风险等。"
003002007,公司董事会对风险管理的监督情况,董事会对风险管理过程承担的重要责任，董事会需要参与或有监督风险的行为
003002008,公司对管理人员开展的风险管理相关培训实施情况,对管理人员进行风险识别、处理的培训或课程
003002009,公司对风险管理体系开展的有效性评估实施情况,"企业需要进行风险管理体系定期审核及评估风险管理体系是否有效，并披露评估结果。
注意：
1. 需要区别风险管理与内部控制，通常企业会同时披露，当前指标关注的是企业是否有对风险管理体系进行评估并确认其有效性。"
003002010,公司为维护或提升风险管理水平委任高级管理人员为风险管理的负责人的实施情况,"如有以下情况即可摘录：
1. 在组织架构图中，显示风险管理的相关负责人是一名高管
2. 在风险管理章节中，有文字表达负责风险管理的相关负责人是一名高管"
003002011,"公司为避免突发事件引发的业务中断风险而制定的业务可持续计划。
业务连续性计划是一套基于业务运行规律的管理要求和规章流程，使一个组织在突发事件面前能够迅速作出反应，以确保关键业务功能可以持续，而不造成业务中断或业务流程本质的改变
","企业针对可能存在断链的风险而制定的可持续计划和管理流程。例如企业在突然停电时如何进行生产活动或者尽快恢复生产。
在企业披露的报告中如果提到“BCP - business continuity plan”, ”BCM -  business continuity management”, ”业务可持续计划”，“业务可持续管理”等字样即可摘录
"
003002012001,公司的风险管理体系是否基于ISO 31000标准设置,如果企业社会责任报告无披露，年报有章节披露风险提示
003002012002,公司的风险管理体系是否基于COSO标准设置,如果企业社会责任报告无披露，年报有章节披露风险提示
003002012003,公司的风险管理体系是否基于BASEL标准设置,如果企业社会责任报告无披露，年报有章节披露风险提示
003002012004,公司的风险管理体系是否基于FERMA标准设置,如果企业社会责任报告无披露，年报有章节披露风险提示
003002012005,公司的风险管理体系是否基于IRM标准设置,如果企业社会责任报告无披露，年报有章节披露风险提示
003002014,"公司针对非计划或意外停机而采取的管理措施。
发电机组的非计划停运是发电厂安全可靠性指标管理中的一个重要指标，非计划停运既是安全问题，也是经济问题，非计划停运带来的电量损失、设备修复费用、燃油消耗、设备使用寿命损耗等都会给企业造成了经济上的损失",企业针对非计划或是意外停机而制定的管理流程及措施，一般常见于电力企业。
003003029,公司在ESG及可持续发展方面的战略，承诺或行动计划,企业需要披露如何将ESG及可持续发展在战略，承诺或行动计划（意识觉醒）层面纳入到企业管理
003003001,公司董事会对ESG相关问题的监管情况,"企业需要披露董事会对ESG问题的监管。一般有以下几种方式：
1. 董事会承担ESG管理的责任
2. ESG问题及ESG管理情况报告给董事会
3. 董事会审议ESG相关事项
如果仅提到ESG/CSR报告由董事会审议通过或由董事会编写，则不满足摘录要求。
（在组织结构图中，ESG工作组直接报告给董事会的情况可摘录，但ESG工作组间接报告给董事会则不要摘取）
"
003003002,公司董事会设置管理ESG相关问题的委员会情况,"企业在董事会下设立ESG委员会，其属于董事会委员会。ESG委员会名字较多样化，只要职责是对ESG的管理就可以接受。
注意：
1. 这里一定是董事会的直属委员会，（可以通过企业组织结构图确认委员会是否直接归属于董事会)
2. 企业治理委员会不要摘录。
如果企业披露了相关的ESG委员会但不确定是否是董事会委员会的话，港股可以在年报“董事委员会”部分确认，A股可以在年报企业治理部分确认。"
003003003,[2020年度数据起停止维护]公司对ESG议题的重要性进行评估的情况,
003003003001,公司对ESG议题的重要性进行评估的方法论,评估方法：企业需要披露具体的方法论；例如：依照港交所披露进行(...)，GRI.、ISOxxx、AA 1000）
003003003002,公司对ESG议题的重要性进行评估的过程,评估的步骤或者采取的具体方式(从数据收集到评估结果的全部或部分过程，都可接受），例如：通过问卷、访谈
003003003003,公司对ESG议题的重要性进行评估的结果,"企业对各类议题的重要程度进行排序，通常通过矩阵或列表展示（可摘录展示图前的综述，或者x,y轴描述）"
003003003004,公司董事会参与ESG议题的重要性评估的情况,企业需要披露董事会参与重要性评估整个流程的任何一个环节都可进行摘录
003003004,公司针对ESG问题与利益相关方沟通的情况,"企业需要披露与利益相关方就ESG相关问题进行沟通的情况，需要包括以下内容：
1.利益相关方
2. 沟通方式
3. 沟通内容
注意：
1. 沟通方式一定是双方的沟通，而不是单方采取的措施。
常见案例：利息相关方沟通渠道表格"
003003005,公司是否参加ESG相关的国际组织或行业组织,"企业参加ESG相关国际组织和行业组织的情况，常见的包括：UNGC（联合国全球契约）、UNPRI、RSPO、RBA等。只要企业提到参加的相关组织是关于ESG/CSR/可持续发展/环境/社会/劳工等ESG议题的，就可以接受。
注意：
1. 需要是ESG相关的国际组织或行业组织，可专注于ESG下某一方面议题。"
003003006,公司披露的ESG报告中索引章节的披露情况,"企业需要在ESG/CSR报告中披露内容索引，需要摘录到具体的参考标准名称
注意：
1. 企业引用多个内容索引的情况下，需全部摘录。"
003003007,[2020年度数据起停止维护]公司披露的ESG报告中ESG相关数据受第三方认证的情况,
003003007001001,公司披露的ESG报告中污染物相关数据受第三方认证的情况,"第三方鉴证机构对于企业披露的污染物数据进行了鉴证。
注意：
1. 如果认证报告未明确提及认证范围，但提到了“本报告内的环境类绩效点都经过鉴证...”、“本报告内容已经经过第三方验证”等内容，认证范围默认覆盖了该报告所有披露的定量指标点。例如报告披露了汽油使用量、范畴1排放的数值，则认证范围包含了能源消耗以及温室气体排放，报告未披露废弃物排放相关数据，则认证范围不包含废弃物。
2. 摘录时需要摘录上下文使逻辑完整。

摘录案例1：
（直接披露了鉴证的数据范围）
我们对可持续发展报告就以下选定的2022年可持续发展 绩效信息实施了鉴证工作程序 : 安全 ：员工人身伤亡事故(起) ，环境：燃煤火电机组脱硫装置安装率(%) 燃煤火电机组脱硝装置安装率(%) 天然气用量(百万立方米) 柴油消耗量(万吨) 煤炭用量(万吨) 外购电量(兆瓦时) 供电标准煤耗(克/兆瓦时) 温室气体排放总量(万吨) 供电碳排放强度(克/千瓦时) 火电供电碳排放强度(克/千瓦时) 氮氧化物排放量(万吨) 二氧化硫排放量(万吨) 烟尘排放量(万吨) 氮氧化物排放率(克/千瓦时) 二氧化硫排放率(克/千瓦时) 烟尘排放率(克/千瓦时)， 社会：员工总人数(人) 女性员工(人) 少数民族员工(人)
摘录案例2：
（笼统说明对于报告披露的数据进行了鉴证）
根据与邮储银行的约定，我们负责实施有限保证鉴证工作，对社会责任报告中的关键社会责任指标进行有限保证鉴证，除此以外，并没有其他责任。我们不会就我们的工作或本独立有限保证鉴证报告的内容，对任何第三方承担任何责任。
（需检查报告数据披露情况并补充相关披露内容证明已鉴证覆盖）
关键杜会责任指标：二氧化硫排放量XX吨，氮氧化物排放量XX吨。"
003003007001002,公司披露的ESG报告中废弃物相关数据受第三方认证的情况,"第三方鉴证机构对于企业披露的废弃物数据进行了鉴证。
注意：
1. 如果认证报告未明确提及认证范围，但提到了“本报告内的环境类绩效点都经过鉴证...”、“本报告内容已经经过第三方验证”等内容，认证范围默认覆盖了该报告所有披露的定量指标点。例如报告披露了汽油使用量、范畴1排放的数值，则认证范围包含了能源消耗以及温室气体排放，报告未披露废弃物排放相关数据，则认证范围不包含废弃物。
2. 摘录时需要摘录上下文使逻辑完整。

摘录案例1：
（直接披露了鉴证的数据范围）
我们对可持续发展报告就以下选定的2022年可持续发展 绩效信息实施了鉴证工作程序 : 安全 ：员工人身伤亡事故(起) ，环境：燃煤火电机组脱硫装置安装率(%) 燃煤火电机组脱硝装置安装率(%) 天然气用量(百万立方米) 柴油消耗量(万吨) 煤炭用量(万吨) 外购电量(兆瓦时) 供电标准煤耗(克/兆瓦时) 温室气体排放总量(万吨) 供电碳排放强度(克/千瓦时) 火电供电碳排放强度(克/千瓦时) 氮氧化物排放量(万吨) 二氧化硫排放量(万吨) 烟尘排放量(万吨) 氮氧化物排放率(克/千瓦时) 二氧化硫排放率(克/千瓦时) 烟尘排放率(克/千瓦时)， 社会：员工总人数(人) 女性员工(人) 少数民族员工(人)
摘录案例2：
（笼统说明对于报告披露的数据进行了鉴证）
根据与邮储银行的约定，我们负责实施有限保证鉴证工作，对社会责任报告中的关键社会责任指标进行有限保证鉴证，除此以外，并没有其他责任。我们不会就我们的工作或本独立有限保证鉴证报告的内容，对任何第三方承担任何责任。
（需检查报告数据披露情况并补充相关披露内容证明已鉴证覆盖）
关键杜会责任指标：二氧化硫排放量XX吨，氮氧化物排放量XX吨。"
003003007001003,公司披露的ESG报告中物料消耗相关数据受第三方认证的情况,"第三方鉴证机构对于企业披露的物料消耗数据进行了鉴证。
注意：
1. 如果认证报告未明确提及认证范围，但提到了“本报告内的环境类绩效点都经过鉴证...”、“本报告内容已经经过第三方验证”等内容，认证范围默认覆盖了该报告所有披露的定量指标点。例如报告披露了汽油使用量、范畴1排放的数值，则认证范围包含了能源消耗以及温室气体排放，报告未披露废弃物排放相关数据，则认证范围不包含废弃物。
2. 摘录时需要摘录上下文使逻辑完整。

摘录案例1：
（直接披露了鉴证的数据范围）
我们对可持续发展报告就以下选定的2022年可持续发展 绩效信息实施了鉴证工作程序 : 安全 ：员工人身伤亡事故(起) ，环境：燃煤火电机组脱硫装置安装率(%) 燃煤火电机组脱硝装置安装率(%) 天然气用量(百万立方米) 柴油消耗量(万吨) 煤炭用量(万吨) 外购电量(兆瓦时) 供电标准煤耗(克/兆瓦时) 温室气体排放总量(万吨) 供电碳排放强度(克/千瓦时) 火电供电碳排放强度(克/千瓦时) 氮氧化物排放量(万吨) 二氧化硫排放量(万吨) 烟尘排放量(万吨) 氮氧化物排放率(克/千瓦时) 二氧化硫排放率(克/千瓦时) 烟尘排放率(克/千瓦时)， 社会：员工总人数(人) 女性员工(人) 少数民族员工(人)
摘录案例2：
（笼统说明对于报告披露的数据进行了鉴证）
根据与邮储银行的约定，我们负责实施有限保证鉴证工作，对社会责任报告中的关键社会责任指标进行有限保证鉴证，除此以外，并没有其他责任。我们不会就我们的工作或本独立有限保证鉴证报告的内容，对任何第三方承担任何责任。
（需检查报告数据披露情况并补充相关披露内容证明已鉴证覆盖）
关键杜会责任指标：二氧化硫排放量XX吨，氮氧化物排放量XX吨。"
003003007001004,公司披露的ESG报告中水资源相关数据受第三方认证的情况,"第三方鉴证机构对于企业披露的水资源使用数据进行了鉴证。
注意：
1. 如果认证报告未明确提及认证范围，但提到了“本报告内的环境类绩效点都经过鉴证...”、“本报告内容已经经过第三方验证”等内容，认证范围默认覆盖了该报告所有披露的定量指标点。例如报告披露了汽油使用量、范畴1排放的数值，则认证范围包含了能源消耗以及温室气体排放，报告未披露废弃物排放相关数据，则认证范围不包含废弃物。
2. 摘录时需要摘录上下文使逻辑完整。

摘录案例1：
（直接披露了鉴证的数据范围）
我们对可持续发展报告就以下选定的2022年可持续发展 绩效信息实施了鉴证工作程序 : 安全 ：员工人身伤亡事故(起) ，环境：燃煤火电机组脱硫装置安装率(%) 燃煤火电机组脱硝装置安装率(%) 天然气用量(百万立方米) 柴油消耗量(万吨) 煤炭用量(万吨) 外购电量(兆瓦时) 供电标准煤耗(克/兆瓦时) 温室气体排放总量(万吨) 供电碳排放强度(克/千瓦时) 火电供电碳排放强度(克/千瓦时) 氮氧化物排放量(万吨) 二氧化硫排放量(万吨) 烟尘排放量(万吨) 氮氧化物排放率(克/千瓦时) 二氧化硫排放率(克/千瓦时) 烟尘排放率(克/千瓦时)， 社会：员工总人数(人) 女性员工(人) 少数民族员工(人)
摘录案例2：
（笼统说明对于报告披露的数据进行了鉴证）
根据与邮储银行的约定，我们负责实施有限保证鉴证工作，对社会责任报告中的关键社会责任指标进行有限保证鉴证，除此以外，并没有其他责任。我们不会就我们的工作或本独立有限保证鉴证报告的内容，对任何第三方承担任何责任。
（需检查报告数据披露情况并补充相关披露内容证明已鉴证覆盖）
关键杜会责任指标：二氧化硫排放量XX吨，氮氧化物排放量XX吨。"
003003007001005,公司披露的ESG报告中能源消耗相关数据受第三方认证的情况,"第三方鉴证机构对于企业披露的能源消耗数据进行了鉴证。
注意：
1. 如果认证报告未明确提及认证范围，但提到了“本报告内的环境类绩效点都经过鉴证...”、“本报告内容已经经过第三方验证”等内容，认证范围默认覆盖了该报告所有披露的定量指标点。例如报告披露了汽油使用量、范畴1排放的数值，则认证范围包含了能源消耗以及温室气体排放，报告未披露废弃物排放相关数据，则认证范围不包含废弃物。
2. 摘录时需要摘录上下文使逻辑完整。

摘录案例1：
（直接披露了鉴证的数据范围）
我们对可持续发展报告就以下选定的2022年可持续发展 绩效信息实施了鉴证工作程序 : 安全 ：员工人身伤亡事故(起) ，环境：燃煤火电机组脱硫装置安装率(%) 燃煤火电机组脱硝装置安装率(%) 天然气用量(百万立方米) 柴油消耗量(万吨) 煤炭用量(万吨) 外购电量(兆瓦时) 供电标准煤耗(克/兆瓦时) 温室气体排放总量(万吨) 供电碳排放强度(克/千瓦时) 火电供电碳排放强度(克/千瓦时) 氮氧化物排放量(万吨) 二氧化硫排放量(万吨) 烟尘排放量(万吨) 氮氧化物排放率(克/千瓦时) 二氧化硫排放率(克/千瓦时) 烟尘排放率(克/千瓦时)， 社会：员工总人数(人) 女性员工(人) 少数民族员工(人)
摘录案例2：
（笼统说明对于报告披露的数据进行了鉴证）
根据与邮储银行的约定，我们负责实施有限保证鉴证工作，对社会责任报告中的关键社会责任指标进行有限保证鉴证，除此以外，并没有其他责任。我们不会就我们的工作或本独立有限保证鉴证报告的内容，对任何第三方承担任何责任。
（需检查报告数据披露情况并补充相关披露内容证明已鉴证覆盖）
关键杜会责任指标：二氧化硫排放量XX吨，氮氧化物排放量XX吨。"
003003007001006,公司披露的ESG报告中温室气体排放相关数据受第三方认证的情况,"第三方鉴证机构对于企业披露的温室气体排放数据进行了鉴证。
注意：
1. 如果认证报告未明确提及认证范围，但提到了“本报告内的环境类绩效点都经过鉴证...”、“本报告内容已经经过第三方验证”等内容，认证范围默认覆盖了该报告所有披露的定量指标点。例如报告披露了汽油使用量、范畴1排放的数值，则认证范围包含了能源消耗以及温室气体排放，报告未披露废弃物排放相关数据，则认证范围不包含废弃物。
2. 摘录时需要摘录上下文使逻辑完整。

摘录案例1：
（直接披露了鉴证的数据范围）
我们对可持续发展报告就以下选定的2022年可持续发展 绩效信息实施了鉴证工作程序 : 安全 ：员工人身伤亡事故(起) ，环境：燃煤火电机组脱硫装置安装率(%) 燃煤火电机组脱硝装置安装率(%) 天然气用量(百万立方米) 柴油消耗量(万吨) 煤炭用量(万吨) 外购电量(兆瓦时) 供电标准煤耗(克/兆瓦时) 温室气体排放总量(万吨) 供电碳排放强度(克/千瓦时) 火电供电碳排放强度(克/千瓦时) 氮氧化物排放量(万吨) 二氧化硫排放量(万吨) 烟尘排放量(万吨) 氮氧化物排放率(克/千瓦时) 二氧化硫排放率(克/千瓦时) 烟尘排放率(克/千瓦时)， 社会：员工总人数(人) 女性员工(人) 少数民族员工(人)
摘录案例2：
（笼统说明对于报告披露的数据进行了鉴证）
根据与邮储银行的约定，我们负责实施有限保证鉴证工作，对社会责任报告中的关键社会责任指标进行有限保证鉴证，除此以外，并没有其他责任。我们不会就我们的工作或本独立有限保证鉴证报告的内容，对任何第三方承担任何责任。
（需检查报告数据披露情况并补充相关披露内容证明已鉴证覆盖）
关键杜会责任指标：二氧化硫排放量XX吨，氮氧化物排放量XX吨。"
003003007001007,公司披露的ESG报告中生物多样性相关数据受第三方认证的情况,"第三方鉴证机构对于企业披露的生物多样性相关数据进行了鉴证。
注意：
1. 如果认证报告未明确提及认证范围，但提到了“本报告内的环境类绩效点都经过鉴证...”、“本报告内容已经经过第三方验证”等内容，认证范围默认覆盖了该报告所有披露的定量指标点。例如报告披露了汽油使用量、范畴1排放的数值，则认证范围包含了能源消耗以及温室气体排放，报告未披露废弃物排放相关数据，则认证范围不包含废弃物。
2. 摘录时需要摘录上下文使逻辑完整。

摘录案例1：
（直接披露了鉴证的数据范围）
我们对可持续发展报告就以下选定的2022年可持续发展 绩效信息实施了鉴证工作程序 : 安全 ：员工人身伤亡事故(起) ，环境：燃煤火电机组脱硫装置安装率(%) 燃煤火电机组脱硝装置安装率(%) 天然气用量(百万立方米) 柴油消耗量(万吨) 煤炭用量(万吨) 外购电量(兆瓦时) 供电标准煤耗(克/兆瓦时) 温室气体排放总量(万吨) 供电碳排放强度(克/千瓦时) 火电供电碳排放强度(克/千瓦时) 氮氧化物排放量(万吨) 二氧化硫排放量(万吨) 烟尘排放量(万吨) 氮氧化物排放率(克/千瓦时) 二氧化硫排放率(克/千瓦时) 烟尘排放率(克/千瓦时)， 社会：员工总人数(人) 女性员工(人) 少数民族员工(人)
摘录案例2：
（笼统说明对于报告披露的数据进行了鉴证）
根据与邮储银行的约定，我们负责实施有限保证鉴证工作，对社会责任报告中的关键社会责任指标进行有限保证鉴证，除此以外，并没有其他责任。我们不会就我们的工作或本独立有限保证鉴证报告的内容，对任何第三方承担任何责任。
（需检查报告数据披露情况并补充相关披露内容证明已鉴证覆盖）
关键杜会责任指标：二氧化硫排放量XX吨，氮氧化物排放量XX吨。"
003003007001008,公司披露的ESG报告中劳工管理相关数据受第三方认证的情况,"第三方鉴证机构对于企业披露的劳工管理相关数据进行了鉴证。包括劳工管理二级议题下所有相关方面如薪资待遇，流失率，工作时间等
注意：
1. 如果认证报告未明确提及认证范围，但提到了“本报告内的环境类绩效点都经过鉴证...”、“本报告内容已经经过第三方验证”等内容，认证范围默认覆盖了该报告所有披露的定量指标点。例如报告披露了汽油使用量、范畴1排放的数值，则认证范围包含了能源消耗以及温室气体排放，报告未披露废弃物排放相关数据，则认证范围不包含废弃物。
2. 摘录时需要摘录上下文使逻辑完整。

摘录案例1：
（直接披露了鉴证的数据范围）
我们对可持续发展报告就以下选定的2022年可持续发展 绩效信息实施了鉴证工作程序 : 安全 ：员工人身伤亡事故(起) ，环境：燃煤火电机组脱硫装置安装率(%) 燃煤火电机组脱硝装置安装率(%) 天然气用量(百万立方米) 柴油消耗量(万吨) 煤炭用量(万吨) 外购电量(兆瓦时) 供电标准煤耗(克/兆瓦时) 温室气体排放总量(万吨) 供电碳排放强度(克/千瓦时) 火电供电碳排放强度(克/千瓦时) 氮氧化物排放量(万吨) 二氧化硫排放量(万吨) 烟尘排放量(万吨) 氮氧化物排放率(克/千瓦时) 二氧化硫排放率(克/千瓦时) 烟尘排放率(克/千瓦时)， 社会：员工总人数(人) 女性员工(人) 少数民族员工(人)
摘录案例2：
（笼统说明对于报告披露的数据进行了鉴证）
根据与邮储银行的约定，我们负责实施有限保证鉴证工作，对社会责任报告中的关键社会责任指标进行有限保证鉴证，除此以外，并没有其他责任。我们不会就我们的工作或本独立有限保证鉴证报告的内容，对任何第三方承担任何责任。
（需检查报告数据披露情况并补充相关披露内容证明已鉴证覆盖）
关键杜会责任指标：二氧化硫排放量XX吨，氮氧化物排放量XX吨。"
003003007001009,公司披露的ESG报告中员工参与度与多样性相关数据受第三方认证的情况,"第三方鉴证机构对于企业披露的员工多样性构成数据进行了鉴证。
注意：
1. 如果认证报告未明确提及认证范围，但提到了“本报告内的环境类绩效点都经过鉴证...”、“本报告内容已经经过第三方验证”等内容，认证范围默认覆盖了该报告所有披露的定量指标点。例如报告披露了汽油使用量、范畴1排放的数值，则认证范围包含了能源消耗以及温室气体排放，报告未披露废弃物排放相关数据，则认证范围不包含废弃物。
2. 摘录时需要摘录上下文使逻辑完整。

摘录案例1：
（直接披露了鉴证的数据范围）
我们对可持续发展报告就以下选定的2022年可持续发展 绩效信息实施了鉴证工作程序 : 安全 ：员工人身伤亡事故(起) ，环境：燃煤火电机组脱硫装置安装率(%) 燃煤火电机组脱硝装置安装率(%) 天然气用量(百万立方米) 柴油消耗量(万吨) 煤炭用量(万吨) 外购电量(兆瓦时) 供电标准煤耗(克/兆瓦时) 温室气体排放总量(万吨) 供电碳排放强度(克/千瓦时) 火电供电碳排放强度(克/千瓦时) 氮氧化物排放量(万吨) 二氧化硫排放量(万吨) 烟尘排放量(万吨) 氮氧化物排放率(克/千瓦时) 二氧化硫排放率(克/千瓦时) 烟尘排放率(克/千瓦时)， 社会：员工总人数(人) 女性员工(人) 少数民族员工(人)
摘录案例2：
（笼统说明对于报告披露的数据进行了鉴证）
根据与邮储银行的约定，我们负责实施有限保证鉴证工作，对社会责任报告中的关键社会责任指标进行有限保证鉴证，除此以外，并没有其他责任。我们不会就我们的工作或本独立有限保证鉴证报告的内容，对任何第三方承担任何责任。
（需检查报告数据披露情况并补充相关披露内容证明已鉴证覆盖）
关键杜会责任指标：二氧化硫排放量XX吨，氮氧化物排放量XX吨。"
003003007001010,公司披露的ESG报告中员工健康与安全相关数据受第三方认证的情况,"第三方鉴证机构对于企业披露的员工健康与安全数据进行了鉴证。
注意：
1. 如果认证报告未明确提及认证范围，但提到了“本报告内的环境类绩效点都经过鉴证...”、“本报告内容已经经过第三方验证”等内容，认证范围默认覆盖了该报告所有披露的定量指标点。例如报告披露了汽油使用量、范畴1排放的数值，则认证范围包含了能源消耗以及温室气体排放，报告未披露废弃物排放相关数据，则认证范围不包含废弃物。
2. 摘录时需要摘录上下文使逻辑完整。

摘录案例1：
（直接披露了鉴证的数据范围）
我们对可持续发展报告就以下选定的2022年可持续发展 绩效信息实施了鉴证工作程序 : 安全 ：员工人身伤亡事故(起) ，环境：燃煤火电机组脱硫装置安装率(%) 燃煤火电机组脱硝装置安装率(%) 天然气用量(百万立方米) 柴油消耗量(万吨) 煤炭用量(万吨) 外购电量(兆瓦时) 供电标准煤耗(克/兆瓦时) 温室气体排放总量(万吨) 供电碳排放强度(克/千瓦时) 火电供电碳排放强度(克/千瓦时) 氮氧化物排放量(万吨) 二氧化硫排放量(万吨) 烟尘排放量(万吨) 氮氧化物排放率(克/千瓦时) 二氧化硫排放率(克/千瓦时) 烟尘排放率(克/千瓦时)， 社会：员工总人数(人) 女性员工(人) 少数民族员工(人)
摘录案例2：
（笼统说明对于报告披露的数据进行了鉴证）
根据与邮储银行的约定，我们负责实施有限保证鉴证工作，对社会责任报告中的关键社会责任指标进行有限保证鉴证，除此以外，并没有其他责任。我们不会就我们的工作或本独立有限保证鉴证报告的内容，对任何第三方承担任何责任。
（需检查报告数据披露情况并补充相关披露内容证明已鉴证覆盖）
关键杜会责任指标：二氧化硫排放量XX吨，氮氧化物排放量XX吨。"
003003007001011,公司披露的ESG报告中社区影响相关数据受第三方认证的情况,"第三方鉴证机构对于企业披露的社区影响相关数据进行了鉴证。包括社区管理二级议题下所有相关方面如社区总投入，公益项目参与情况等
注意：
1. 如果认证报告未明确提及认证范围，但提到了“本报告内的环境类绩效点都经过鉴证...”、“本报告内容已经经过第三方验证”等内容，认证范围默认覆盖了该报告所有披露的定量指标点。例如报告披露了汽油使用量、范畴1排放的数值，则认证范围包含了能源消耗以及温室气体排放，报告未披露废弃物排放相关数据，则认证范围不包含废弃物。
2. 摘录时需要摘录上下文使逻辑完整。

摘录案例1：
（直接披露了鉴证的数据范围）
我们对可持续发展报告就以下选定的2022年可持续发展 绩效信息实施了鉴证工作程序 : 安全 ：员工人身伤亡事故(起) ，环境：燃煤火电机组脱硫装置安装率(%) 燃煤火电机组脱硝装置安装率(%) 天然气用量(百万立方米) 柴油消耗量(万吨) 煤炭用量(万吨) 外购电量(兆瓦时) 供电标准煤耗(克/兆瓦时) 温室气体排放总量(万吨) 供电碳排放强度(克/千瓦时) 火电供电碳排放强度(克/千瓦时) 氮氧化物排放量(万吨) 二氧化硫排放量(万吨) 烟尘排放量(万吨) 氮氧化物排放率(克/千瓦时) 二氧化硫排放率(克/千瓦时) 烟尘排放率(克/千瓦时)， 社会：员工总人数(人) 女性员工(人) 少数民族员工(人)
摘录案例2：
（笼统说明对于报告披露的数据进行了鉴证）
根据与邮储银行的约定，我们负责实施有限保证鉴证工作，对社会责任报告中的关键社会责任指标进行有限保证鉴证，除此以外，并没有其他责任。我们不会就我们的工作或本独立有限保证鉴证报告的内容，对任何第三方承担任何责任。
（需检查报告数据披露情况并补充相关披露内容证明已鉴证覆盖）
关键杜会责任指标：二氧化硫排放量XX吨，氮氧化物排放量XX吨。"
003003007001012,公司披露的ESG报告中产品责任相关数据受第三方认证的情况,"第三方鉴证机构对于企业披露的产品责任相关数据进行了鉴证。
注意：
1. 如果认证报告未明确提及认证范围，但提到了“本报告内的环境类绩效点都经过鉴证...”、“本报告内容已经经过第三方验证”等内容，认证范围默认覆盖了该报告所有披露的定量指标点。例如报告披露了汽油使用量、范畴1排放的数值，则认证范围包含了能源消耗以及温室气体排放，报告未披露废弃物排放相关数据，则认证范围不包含废弃物。
2. 摘录时需要摘录上下文使逻辑完整。

摘录案例1：
（直接披露了鉴证的数据范围）
我们对可持续发展报告就以下选定的2022年可持续发展 绩效信息实施了鉴证工作程序 : 安全 ：员工人身伤亡事故(起) ，环境：燃煤火电机组脱硫装置安装率(%) 燃煤火电机组脱硝装置安装率(%) 天然气用量(百万立方米) 柴油消耗量(万吨) 煤炭用量(万吨) 外购电量(兆瓦时) 供电标准煤耗(克/兆瓦时) 温室气体排放总量(万吨) 供电碳排放强度(克/千瓦时) 火电供电碳排放强度(克/千瓦时) 氮氧化物排放量(万吨) 二氧化硫排放量(万吨) 烟尘排放量(万吨) 氮氧化物排放率(克/千瓦时) 二氧化硫排放率(克/千瓦时) 烟尘排放率(克/千瓦时)， 社会：员工总人数(人) 女性员工(人) 少数民族员工(人)
摘录案例2：
（笼统说明对于报告披露的数据进行了鉴证）
根据与邮储银行的约定，我们负责实施有限保证鉴证工作，对社会责任报告中的关键社会责任指标进行有限保证鉴证，除此以外，并没有其他责任。我们不会就我们的工作或本独立有限保证鉴证报告的内容，对任何第三方承担任何责任。
（需检查报告数据披露情况并补充相关披露内容证明已鉴证覆盖）
关键杜会责任指标：二氧化硫排放量XX吨，氮氧化物排放量XX吨。"
003003007002,公司披露的ESG报告中ESG相关数据受第三方认证的认证标准,"常见的认证标准有：国际上应用最为广泛、影响力最大的标准是由国际审计与鉴证准则委员会(International Auditing and Assurance Standard Board， 简称IAASB) 发布的ISAE3000 和Accountability 发布的AA1000 审验标准。
在国内，应用最为广泛的第三方质量保证标准是由中国社会科学院经济学部企业社会责任研究中心发布的《中国企业社会责任报告评级标准》，但是这个我们不参考。"
003003007003001,公司披露的ESG报告中ESG相关数据受第三方认证的认证等级为有限保证,企业披露的第三方认证的等级标准。一般在第三方鉴证报告中，鉴证单位披露“根据XX标准对报告或数据进行了有限/合理/中度/高度保证”。
003003007003002,公司披露的ESG报告中ESG相关数据受第三方认证的认证等级为合理保证,企业披露的第三方认证的等级标准。一般在第三方鉴证报告中，鉴证单位披露“根据XX标准对报告或数据进行了有限/合理/中度/高度保证”。
003003007003003,公司披露的ESG报告中ESG相关数据受第三方认证的认证等级为中度保证,企业披露的第三方认证的等级标准。一般在第三方鉴证报告中，鉴证单位披露“根据XX标准对报告或数据进行了有限/合理/中度/高度保证”。
003003007003004,公司披露的ESG报告中ESG相关数据受第三方认证的认证等级为高度保证,企业披露的第三方认证的等级标准。一般在第三方鉴证报告中，鉴证单位披露“根据XX标准对报告或数据进行了有限/合理/中度/高度保证”。
003003007004,公司披露的ESG报告中的ESG相关数据受第三方认证的认证机构名称,摘录认证机构名称即可（比如EY，SGS）
003003008001,公司在环境相关议题的合规情况,企业披露报告期内的关于环境合规的情况，将来时不可接受
003003008002,公司在劳工相关议题的合规情况,企业披露报告期内的关于劳工合规的情况，将来时不可接受
003003008003,公司在职业安全相关议题的合规情况,企业披露报告期内的关于职业安全合规的情况，将来时不可接受
003003008004,公司在腐败相关议题的合规情况,企业披露报告期内的关于腐败合规的情况，将来时不可接受
003003008005,公司在产品责任相关议题的合规情况,企业披露报告期内的关于产品责任合规的情况，将来时不可接受
003003008006,公司在其他ESG相关议题的合规情况,企业披露报告期内的关于除了环境、劳工、职业安全、腐败、产品责任合规以外的情况，将来时不可接受
003003009,公司获得社会责任相关奖项或荣誉的情况,"与社会责任有关的奖项或荣誉都可摘录，需注意判断一定是社会责任相关的（环境、慈善公益等）奖项及荣誉。
注意：
1. 披露了历年获奖情况下，摘录近五年获奖数据。"
003003010,公司披露的ESG报告的参考标准，如GRI、CASS 4.0等,"此内容可以从“关于本报告”章节处获取，一般在ESG报告开头。参考的标准要摘录齐全。
一般报告标准有：
1.GRI
2.联交所ESG指引
3.社科院CASS 4.0
4.TCFD报告框架
"
003003011,公司关于自身对外部产生的ESG领域影响的评估结果,企业计算得出具体的ESG管理议题对行业、环境或是社会的影响力
003003012001,公司对环境相关违规事件的调查结果以及改善措施,企业披露报告期内关于环境违规的事后措施的总体情况，包括调查过程或结果、改善措施等
003003012002,公司对劳工相关违规事件的调查结果以及改善措施,企业披露报告期内关于劳工违规的事后措施的总体情况，包括调查过程或结果、改善措施等
003003012003,公司对职业安全相关违规事件的调查结果以及改善措施,企业披露报告期内关于职业安全违规的事后措施的总体情况，包括调查过程或结果、改善措施等
003003012004,公司对腐败相关违规事件的调查结果以及改善措施,企业披露报告期内关于腐败的事后措施的总体情况，包括调查过程或结果、改善措施等
003003012005,公司对产品责任相关违规事件的调查结果以及改善措施,企业披露报告期内关于产品责任违规的事后措施的总体情况，包括调查过程或结果、改善措施等
003003012006,公司对其他ESG相关违规事件的调查结果以及改善措施,企业披露报告期内于除了环境、劳工、职业安全、腐败、产品责任违规以外的其他ESG违规事项的事后措施，包括调查过程或结果、改善措施等
003003013,公司针对ESG相关议题与利益相关方沟通的详细记录，包括参与者、议题、沟通过程、结论等,摘录与利益相关方沟通过程的细节，比如参加人是谁、探讨的问题、得出的结论，以及企业获得的价值。可以只摘录部分的沟通内容，不用全部摘录，需包括每个利益相关方的名称。
003003014,公司遵循UNGC十项原则的情况,
003003017,公司是否披露了独立的ESG/CSR/可持续发展/碳中和/TCFD等报告或在财报及年报中包含了以上类型的报告,
003004020,公司关于董事会成员的选取采取多元化政策的情况,企业披露董事会执行多元化的董事会成员政策（包括性别、文化、教育等）
003004025,公司设置的针对董事会运作有效性的评估流程,"企业需要进行董事会工作定期审核及评估风险管理体系是否有效，并披露评估结果。
注意：
1. 有效性评估是对于董事会整体的运作情况进行的评估，包括架构，流程，人员结构等，目的是检查董事会是否能发挥其职能对企业进行有效管理，通常为定期举行。如果是针对某一特定事项例如董事会人员薪酬等进行的评估，不属于董事会有效性评估。"